customer_id,customer_type,segment,acquisition_channel,customer_since,location_category,age_band,business_size
C00001,Individual,Standard,Online,2025-03-17,Urban,46-55,
C00002,SME,Standard,Referral,2025-08-13,Urban,,Enterprise (200+)
C00003,Individual,Premium,Referral,2025-04-14,Suburban,26-35,
C00004,Corporate,New,Online,2023-04-13,Suburban,,Small (1-10)
C00005,Individual,Premium,Online,2022-05-11,Urban,26-35,
C00006,Individual,Standard,Referral,2023-01-28,Urban,18-25,
C00007,Individual,Budget,Walk-in,2025-03-25,Suburban,46-55,
C00008,Individual,Premium,Online,2024-07-07,Suburban,46-55,
C00009,Individual,New,Online,2025-09-15,Urban,18-25,
C00010,SME,Budget,Online,2023-04-25,Urban,,Medium (11-50)
C00011,Individual,Premium,Referral,2024-02-12,Urban,46-55,
C00012,SME,Budget,Referral,2025-01-11,Urban,,Large (51-200)
C00013,Individual,Budget,Online,2022-11-24,Urban,46-55,
C00014,SME,Budget,Referral,2025-09-11,Urban,,Large (51-200)
C00015,Corporate,Budget,Online,2024-04-09,Urban,,Small (1-10)
C00016,SME,Budget,Sales Team,2022-01-12,Urban,,Small (1-10)
C00017,Individual,Standard,Walk-in,2022-02-05,Urban,36-45,
C00018,SME,Standard,Online,2025-05-20,Other,,Medium (11-50)
C00019,Individual,Budget,Online,2024-06-22,Suburban,65+,
C00020,Individual,New,Online,2024-12-04,Urban,46-55,
C00021,Individual,Standard,Walk-in,2025-01-02,Urban,26-35,
C00022,Individual,Budget,Online,2023-08-12,Urban,36-45,
C00023,SME,Standard,Online,2025-01-23,Suburban,,Medium (11-50)
C00024,Individual,Budget,Online,2025-08-05,Suburban,26-35,
C00025,SME,New,Referral,2022-08-30,Urban,,Large (51-200)
C00026,Individual,Standard,Online,2024-12-05,Other,56-65,
C00027,SME,Standard,Sales Team,2023-03-07,Suburban,,Small (1-10)
C00028,Individual,Standard,Sales Team,2023-03-27,Suburban,36-45,
C00029,Individual,Standard,Referral,2023-08-01,Urban,65+,
C00030,SME,Standard,Online,2025-04-24,Urban,,Enterprise (200+)
C00031,Corporate,Premium,Online,2022-01-31,Suburban,,Small (1-10)
C00032,Individual,Standard,Online,2023-08-31,Urban,46-55,
C00033,Individual,Standard,Online,2024-08-10,Suburban,26-35,
C00034,Individual,Standard,Referral,2022-06-04,Suburban,26-35,
C00035,Individual,Budget,Walk-in,2025-01-14,Urban,65+,
C00036,SME,Budget,Sales Team,2025-08-11,Urban,,Large (51-200)
C00037,SME,Budget,Walk-in,2022-05-08,Urban,,Enterprise (200+)
C00038,Individual,Budget,Walk-in,2022-08-03,Urban,26-35,
C00039,Individual,Budget,Online,2025-09-25,Suburban,46-55,
C00040,Individual,Standard,Online,2022-10-04,Suburban,46-55,
C00041,Corporate,Budget,Referral,2022-04-21,Urban,,Medium (11-50)
C00042,Individual,Premium,Online,2025-08-26,Suburban,26-35,
C00043,SME,Standard,Referral,2025-06-03,Urban,,Large (51-200)
C00044,Individual,Standard,Walk-in,2024-07-07,Suburban,56-65,
C00045,Individual,New,Online,2024-02-12,Urban,18-25,
C00046,Individual,Budget,Online,2025-07-10,Suburban,36-45,
C00047,Corporate,Premium,Online,2024-07-06,Suburban,,Large (51-200)
C00048,Individual,Standard,Sales Team,2024-07-10,Urban,36-45,
C00049,Individual,Standard,Referral,2025-03-27,Suburban,26-35,
C00050,Individual,Budget,Referral,2024-07-03,Suburban,46-55,
C00051,Individual,Budget,Referral,2023-12-07,Urban,18-25,
C00052,Corporate,Standard,Walk-in,2023-06-30,Suburban,,Small (1-10)
C00053,Individual,Standard,Sales Team,2023-12-06,Other,56-65,
C00054,Individual,Standard,Online,2024-01-02,Suburban,56-65,
C00055,Individual,Standard,Sales Team,2023-05-21,Urban,26-35,
C00056,Individual,New,Online,2023-09-20,Suburban,26-35,
C00057,Individual,Budget,Walk-in,2025-01-27,Other,56-65,
C00058,Individual,Standard,Referral,2023-08-07,Suburban,56-65,
C00059,Individual,Standard,Online,2022-02-05,Urban,18-25,
C00060,Individual,Premium,Walk-in,2023-02-01,Urban,36-45,
C00061,Individual,Premium,Online,2022-11-21,Suburban,46-55,
C00062,Individual,Standard,Online,2025-01-16,Urban,36-45,
C00063,Individual,Standard,Walk-in,2023-09-22,Urban,18-25,
C00064,Individual,New,Sales Team,2023-01-28,Urban,56-65,
C00065,Individual,Standard,Online,2025-02-08,Suburban,18-25,
C00066,Individual,Standard,Walk-in,2022-01-27,Urban,56-65,
C00067,Individual,Premium,Walk-in,2022-09-01,Suburban,46-55,
C00068,Individual,Standard,Online,2025-03-03,Suburban,56-65,
C00069,Individual,Budget,Sales Team,2024-02-10,Other,36-45,
C00070,Individual,Standard,Online,2024-12-19,Suburban,56-65,
C00071,Individual,Budget,Walk-in,2025-03-19,Urban,46-55,
C00072,Individual,Budget,Referral,2025-08-11,Suburban,56-65,
C00073,Individual,Premium,Online,2022-03-30,Urban,26-35,
C00074,Individual,Budget,Online,2025-01-23,Other,18-25,
C00075,SME,New,Online,2024-09-19,Urban,,Medium (11-50)
C00076,Individual,Standard,Sales Team,2022-10-17,Suburban,46-55,
C00077,Individual,Premium,Sales Team,2025-07-28,Suburban,65+,
C00078,Individual,New,Referral,2023-07-20,Urban,18-25,
C00079,SME,New,Online,2025-05-27,Suburban,,Enterprise (200+)
C00080,Individual,Standard,Online,2024-04-27,Urban,46-55,
C00081,Individual,Standard,Online,2024-01-08,Urban,18-25,
C00082,Individual,Standard,Online,2022-08-12,Urban,18-25,
C00083,Individual,Budget,Sales Team,2025-07-04,Urban,18-25,
C00084,Individual,Standard,Walk-in,2024-02-19,Suburban,36-45,
C00085,SME,Premium,Referral,2022-01-09,Other,,Enterprise (200+)
C00086,SME,Budget,Online,2022-01-26,Urban,,Enterprise (200+)
C00087,Corporate,New,Walk-in,2024-12-24,Suburban,,Enterprise (200+)
C00088,Individual,Budget,Online,2022-08-15,Suburban,65+,
C00089,Individual,Standard,Referral,2024-04-18,Suburban,36-45,
C00090,SME,Premium,Online,2024-08-11,Urban,,Medium (11-50)
C00091,Individual,New,Online,2023-01-27,Other,26-35,
C00092,SME,New,Referral,2024-03-08,Urban,,Large (51-200)
C00093,Individual,Standard,Walk-in,2022-12-03,Suburban,26-35,
C00094,Individual,Budget,Online,2025-08-17,Suburban,46-55,
C00095,Individual,Standard,Online,2025-04-19,Suburban,26-35,
C00096,SME,Standard,Online,2023-02-08,Urban,,Medium (11-50)
C00097,Individual,Premium,Sales Team,2024-01-11,Urban,56-65,
C00098,Individual,Premium,Referral,2023-12-02,Suburban,26-35,
C00099,Individual,Standard,Referral,2025-09-06,Urban,46-55,
C00100,Individual,Budget,Online,2023-07-06,Urban,18-25,
C00101,Individual,Premium,Online,2024-02-27,Suburban,46-55,
C00102,SME,Standard,Online,2025-07-24,Suburban,,Small (1-10)
C00103,Individual,Standard,Walk-in,2022-08-16,Urban,65+,
C00104,SME,Standard,Online,2024-02-10,Urban,,Small (1-10)
C00105,SME,Standard,Referral,2022-05-28,Other,,Medium (11-50)
C00106,Individual,Standard,Online,2024-05-14,Urban,26-35,
C00107,Individual,Standard,Walk-in,2023-05-27,Urban,56-65,
C00108,Individual,Budget,Sales Team,2025-09-16,Urban,36-45,
C00109,Individual,New,Walk-in,2023-08-05,Urban,36-45,
C00110,Individual,Standard,Online,2022-07-10,Other,18-25,
C00111,Corporate,New,Walk-in,2025-03-13,Urban,,Small (1-10)
C00112,Corporate,New,Walk-in,2025-02-23,Urban,,Small (1-10)
C00113,SME,Budget,Online,2024-08-30,Urban,,Enterprise (200+)
C00114,Individual,Budget,Online,2024-11-14,Urban,56-65,
C00115,Individual,Budget,Walk-in,2023-01-06,Urban,46-55,
C00116,SME,Budget,Online,2024-06-17,Other,,Medium (11-50)
C00117,Individual,Budget,Walk-in,2022-02-23,Suburban,65+,
C00118,Individual,Premium,Online,2022-10-03,Urban,65+,
C00119,Individual,New,Online,2025-07-29,Urban,18-25,
C00120,Individual,Standard,Referral,2024-10-31,Urban,46-55,
C00121,Individual,Budget,Walk-in,2022-11-19,Urban,56-65,
C00122,Individual,Standard,Sales Team,2022-06-05,Suburban,26-35,
C00123,Individual,Premium,Referral,2025-08-21,Urban,56-65,
C00124,SME,Standard,Online,2022-06-07,Suburban,,Small (1-10)
C00125,Corporate,Standard,Referral,2022-12-26,Suburban,,Small (1-10)
C00126,Individual,Standard,Referral,2022-09-13,Urban,46-55,
C00127,SME,Standard,Sales Team,2022-01-11,Other,,Medium (11-50)
C00128,Corporate,Standard,Online,2023-03-16,Urban,,Enterprise (200+)
C00129,Individual,Standard,Online,2025-09-25,Urban,65+,
C00130,Individual,Standard,Online,2023-04-24,Suburban,46-55,
C00131,Individual,New,Sales Team,2023-12-08,Urban,65+,
C00132,Individual,Standard,Online,2024-11-10,Suburban,65+,
C00133,SME,Standard,Walk-in,2024-02-11,Suburban,,Enterprise (200+)
C00134,Individual,Standard,Online,2024-11-07,Urban,56-65,
C00135,Individual,Standard,Referral,2024-07-15,Suburban,36-45,
C00136,Individual,Standard,Walk-in,2024-05-01,Urban,36-45,
C00137,Individual,Budget,Referral,2024-06-28,Suburban,26-35,
C00138,Corporate,New,Walk-in,2025-01-23,Urban,,Large (51-200)
C00139,Individual,Standard,Online,2024-09-21,Urban,26-35,
C00140,Individual,Budget,Walk-in,2025-01-13,Urban,56-65,
C00141,Individual,Premium,Walk-in,2022-07-23,Suburban,36-45,
C00142,Individual,Standard,Walk-in,2024-08-06,Urban,65+,
C00143,Individual,Standard,Referral,2024-10-28,Suburban,36-45,
C00144,Individual,Premium,Walk-in,2023-02-24,Urban,65+,
C00145,Individual,Budget,Sales Team,2025-05-09,Urban,65+,
C00146,Individual,Budget,Online,2023-03-03,Urban,36-45,
C00147,SME,Budget,Online,2022-12-08,Urban,,Enterprise (200+)
C00148,Individual,Standard,Walk-in,2025-04-28,Other,26-35,
C00149,Individual,Budget,Referral,2022-12-12,Urban,46-55,
C00150,Individual,Standard,Walk-in,2023-08-05,Suburban,36-45,
C00151,SME,Premium,Walk-in,2023-05-31,Suburban,,Large (51-200)
C00152,Individual,Premium,Referral,2025-06-11,Urban,65+,
C00153,Individual,Budget,Online,2023-09-30,Suburban,56-65,
C00154,Individual,New,Online,2024-08-30,Suburban,26-35,
C00155,Individual,Premium,Online,2025-01-16,Suburban,36-45,
C00156,SME,Standard,Sales Team,2024-05-29,Urban,,Large (51-200)
C00157,Individual,Budget,Referral,2025-08-14,Suburban,65+,
C00158,SME,Budget,Online,2025-01-28,Suburban,,Large (51-200)
C00159,SME,Standard,Walk-in,2023-07-15,Urban,,Medium (11-50)
C00160,Individual,Budget,Referral,2025-08-24,Suburban,26-35,
C00161,Corporate,Budget,Walk-in,2024-01-05,Urban,,Large (51-200)
C00162,Individual,New,Referral,2022-02-01,Suburban,46-55,
C00163,SME,Premium,Online,2022-12-31,Other,,Medium (11-50)
C00164,Individual,New,Referral,2024-05-20,Other,18-25,
C00165,Individual,Premium,Walk-in,2022-08-08,Suburban,36-45,
C00166,Individual,Budget,Walk-in,2024-03-28,Suburban,18-25,
C00167,Individual,Premium,Walk-in,2023-05-22,Suburban,26-35,
C00168,Individual,Standard,Sales Team,2024-01-19,Urban,26-35,
C00169,Corporate,Premium,Walk-in,2022-01-03,Urban,,Large (51-200)
C00170,Individual,Standard,Walk-in,2025-04-02,Urban,46-55,
C00171,Individual,Standard,Online,2023-05-22,Urban,36-45,
C00172,Individual,Standard,Sales Team,2022-07-16,Other,26-35,
C00173,Individual,Standard,Walk-in,2023-09-06,Suburban,46-55,
C00174,Individual,Standard,Sales Team,2023-11-12,Urban,65+,
C00175,Corporate,Budget,Online,2024-06-11,Urban,,Small (1-10)
C00176,Individual,New,Online,2024-01-05,Suburban,46-55,
C00177,Individual,Budget,Walk-in,2022-03-02,Urban,36-45,
C00178,Individual,Premium,Online,2025-05-05,Suburban,36-45,
C00179,Individual,Standard,Online,2023-10-02,Other,26-35,
C00180,Individual,New,Sales Team,2022-04-18,Urban,26-35,
C00181,SME,Premium,Online,2024-12-17,Urban,,Enterprise (200+)
C00182,Individual,Standard,Referral,2024-07-13,Urban,56-65,
C00183,Corporate,New,Online,2024-06-28,Urban,,Large (51-200)
C00184,Individual,New,Online,2023-08-21,Urban,18-25,
C00185,Individual,Standard,Walk-in,2023-07-29,Urban,65+,
C00186,SME,Budget,Sales Team,2024-01-21,Urban,,Enterprise (200+)
C00187,Corporate,Standard,Sales Team,2022-03-12,Urban,,Small (1-10)
C00188,SME,Budget,Walk-in,2023-02-23,Urban,,Medium (11-50)
C00189,Corporate,Premium,Walk-in,2025-10-15,Suburban,,Medium (11-50)
C00190,SME,Premium,Online,2024-07-16,Urban,,Large (51-200)
C00191,SME,Budget,Sales Team,2023-08-10,Suburban,,Enterprise (200+)
C00192,Individual,Standard,Online,2022-11-08,Urban,18-25,
C00193,SME,Budget,Referral,2024-11-09,Urban,,Large (51-200)
C00194,Individual,Standard,Sales Team,2022-12-31,Urban,65+,
C00195,Individual,New,Sales Team,2022-08-16,Suburban,26-35,
C00196,Individual,Budget,Online,2022-08-05,Urban,26-35,
C00197,Corporate,Standard,Walk-in,2024-10-17,Urban,,Large (51-200)
C00198,Corporate,Budget,Online,2024-06-18,Urban,,Enterprise (200+)
C00199,Individual,Standard,Online,2022-04-08,Other,46-55,
C00200,SME,Standard,Online,2022-06-11,Urban,,Enterprise (200+)
C00201,SME,Standard,Referral,2024-06-06,Urban,,Enterprise (200+)
C00202,Individual,New,Online,2024-03-10,Suburban,36-45,
C00203,Individual,Budget,Online,2024-08-18,Urban,65+,
C00204,Individual,New,Online,2022-09-07,Urban,65+,
C00205,SME,New,Online,2024-10-14,Suburban,,Small (1-10)
C00206,Individual,New,Sales Team,2025-08-03,Urban,26-35,
C00207,Corporate,Standard,Walk-in,2024-04-21,Urban,,Small (1-10)
C00208,Individual,New,Sales Team,2022-10-02,Urban,46-55,
C00209,Corporate,Standard,Referral,2024-08-09,Urban,,Large (51-200)
C00210,Individual,Standard,Walk-in,2023-04-26,Other,56-65,
C00211,SME,Standard,Walk-in,2022-03-11,Suburban,,Enterprise (200+)
C00212,Individual,Standard,Online,2023-02-28,Suburban,46-55,
C00213,Individual,Standard,Referral,2025-06-21,Urban,26-35,
C00214,SME,Standard,Online,2023-07-30,Suburban,,Enterprise (200+)
C00215,Corporate,Premium,Online,2025-04-25,Suburban,,Small (1-10)
C00216,SME,Standard,Online,2023-12-14,Urban,,Medium (11-50)
C00217,Individual,New,Online,2023-12-25,Suburban,36-45,
C00218,Individual,Budget,Online,2022-01-08,Suburban,65+,
C00219,Individual,Standard,Walk-in,2024-06-10,Suburban,36-45,
C00220,Individual,Standard,Referral,2022-05-31,Urban,18-25,
C00221,Individual,Standard,Online,2023-11-02,Urban,46-55,
C00222,SME,Standard,Walk-in,2022-12-31,Suburban,,Large (51-200)
C00223,SME,Budget,Referral,2023-07-04,Suburban,,Small (1-10)
C00224,SME,Standard,Online,2024-01-22,Urban,,Small (1-10)
C00225,SME,Budget,Online,2022-01-21,Urban,,Small (1-10)
C00226,SME,Budget,Referral,2023-02-03,Suburban,,Large (51-200)
C00227,Individual,Standard,Online,2025-10-17,Urban,26-35,
C00228,Individual,New,Referral,2022-03-22,Urban,26-35,
C00229,Individual,Standard,Online,2023-03-24,Suburban,26-35,
C00230,SME,New,Sales Team,2023-03-26,Urban,,Enterprise (200+)
C00231,Individual,Budget,Sales Team,2023-06-16,Urban,46-55,
C00232,Individual,Budget,Online,2024-08-16,Urban,18-25,
C00233,Individual,Budget,Online,2022-12-13,Other,36-45,
C00234,Individual,Budget,Online,2023-10-07,Urban,18-25,
C00235,Individual,New,Walk-in,2024-06-21,Suburban,26-35,
C00236,SME,Standard,Walk-in,2023-03-28,Other,,Large (51-200)
C00237,Individual,Budget,Referral,2025-08-21,Suburban,65+,
C00238,Individual,Budget,Referral,2025-10-03,Urban,36-45,
C00239,SME,Standard,Online,2022-06-17,Urban,,Small (1-10)
C00240,Individual,New,Sales Team,2023-04-27,Urban,26-35,
C00241,SME,Standard,Sales Team,2022-10-19,Suburban,,Small (1-10)
C00242,Individual,Standard,Referral,2022-09-19,Other,46-55,
C00243,Individual,Premium,Online,2023-11-19,Suburban,18-25,
C00244,Individual,Standard,Referral,2024-02-29,Urban,65+,
C00245,Individual,Budget,Walk-in,2023-08-19,Urban,26-35,
C00246,SME,Standard,Sales Team,2023-01-17,Suburban,,Medium (11-50)
C00247,Individual,Standard,Online,2023-01-26,Urban,65+,
C00248,Individual,Standard,Referral,2025-10-20,Suburban,36-45,
C00249,Individual,Standard,Online,2025-07-17,Urban,65+,
C00250,SME,Budget,Online,2022-04-17,Suburban,,Medium (11-50)
C00251,SME,New,Walk-in,2024-07-08,Suburban,,Medium (11-50)
C00252,Corporate,Premium,Online,2023-10-02,Urban,,Medium (11-50)
C00253,Individual,Standard,Sales Team,2024-08-22,Urban,26-35,
C00254,Individual,Standard,Online,2024-04-15,Suburban,26-35,
C00255,Individual,Budget,Referral,2025-05-29,Urban,18-25,
C00256,Individual,Standard,Online,2022-04-04,Urban,18-25,
C00257,Corporate,Standard,Referral,2023-05-05,Urban,,Large (51-200)
C00258,SME,Standard,Online,2025-10-11,Urban,,Medium (11-50)
C00259,Individual,Standard,Walk-in,2022-09-13,Suburban,36-45,
C00260,Individual,Standard,Referral,2022-06-28,Urban,36-45,
C00261,Corporate,Standard,Referral,2024-10-17,Urban,,Small (1-10)
C00262,Individual,Budget,Referral,2024-12-24,Suburban,26-35,
C00263,Individual,Budget,Referral,2024-07-30,Urban,56-65,
C00264,Individual,Standard,Sales Team,2024-12-22,Urban,56-65,
C00265,Individual,Budget,Sales Team,2024-08-29,Suburban,26-35,
C00266,Individual,New,Referral,2022-07-10,Suburban,36-45,
C00267,Individual,Standard,Walk-in,2024-05-01,Suburban,46-55,
C00268,Individual,Standard,Walk-in,2024-12-23,Suburban,26-35,
C00269,Individual,Standard,Sales Team,2025-04-26,Urban,36-45,
C00270,Individual,Budget,Online,2022-12-11,Urban,56-65,
C00271,Individual,Standard,Online,2022-06-28,Other,36-45,
C00272,Corporate,Budget,Online,2024-12-29,Suburban,,Enterprise (200+)
C00273,SME,Standard,Sales Team,2022-12-26,Suburban,,Small (1-10)
C00274,Individual,Standard,Walk-in,2022-02-14,Urban,18-25,
C00275,Individual,New,Online,2025-03-01,Urban,56-65,
C00276,SME,Standard,Online,2023-12-10,Urban,,Large (51-200)
C00277,Individual,New,Walk-in,2023-04-03,Suburban,26-35,
C00278,Individual,New,Sales Team,2022-01-17,Suburban,56-65,
C00279,Corporate,New,Online,2022-02-19,Urban,,Small (1-10)
C00280,Individual,Standard,Walk-in,2025-01-14,Urban,46-55,
C00281,SME,Budget,Online,2023-11-17,Urban,,Small (1-10)
C00282,Individual,Premium,Online,2022-07-29,Urban,36-45,
C00283,Individual,Standard,Online,2023-05-17,Suburban,46-55,
C00284,Individual,New,Walk-in,2022-08-20,Suburban,26-35,
C00285,Individual,Budget,Sales Team,2022-06-08,Urban,36-45,
C00286,Individual,Standard,Online,2023-01-22,Suburban,26-35,
C00287,Individual,Standard,Online,2024-02-09,Other,36-45,
C00288,SME,Budget,Online,2022-10-22,Urban,,Large (51-200)
C00289,Individual,Budget,Referral,2023-04-27,Urban,36-45,
C00290,Individual,Standard,Online,2023-11-01,Urban,18-25,
C00291,SME,New,Referral,2023-08-12,Urban,,Large (51-200)
C00292,SME,Standard,Online,2022-06-30,Urban,,Large (51-200)
C00293,Individual,Standard,Referral,2022-02-24,Suburban,46-55,
C00294,Individual,Budget,Online,2022-02-19,Urban,26-35,
C00295,Corporate,New,Walk-in,2023-05-06,Urban,,Large (51-200)
C00296,Individual,Standard,Online,2024-10-03,Suburban,36-45,
C00297,SME,Standard,Walk-in,2022-07-03,Urban,,Medium (11-50)
C00298,Corporate,Premium,Sales Team,2025-01-06,Suburban,,Small (1-10)
C00299,SME,New,Online,2024-09-28,Suburban,,Medium (11-50)
C00300,Individual,Standard,Referral,2022-01-06,Suburban,56-65,
C00301,Individual,Standard,Online,2022-02-07,Suburban,36-45,
C00302,Individual,New,Online,2022-10-01,Suburban,46-55,
C00303,Individual,Premium,Online,2022-03-20,Suburban,18-25,
C00304,Corporate,Standard,Referral,2024-01-14,Urban,,Enterprise (200+)
C00305,Individual,Standard,Online,2022-02-25,Urban,36-45,
C00306,Individual,Budget,Online,2025-01-28,Urban,26-35,
C00307,Individual,Standard,Online,2023-11-22,Urban,65+,
C00308,Corporate,Standard,Walk-in,2024-10-16,Urban,,Medium (11-50)
C00309,Individual,Standard,Referral,2024-11-16,Urban,56-65,
C00310,Individual,Budget,Online,2023-12-11,Urban,36-45,
C00311,Individual,Budget,Walk-in,2025-07-19,Urban,65+,
C00312,Individual,Premium,Online,2025-10-18,Urban,56-65,
C00313,Individual,Standard,Walk-in,2023-05-18,Suburban,18-25,
C00314,Individual,New,Online,2022-06-26,Suburban,65+,
C00315,Individual,Premium,Online,2023-05-24,Suburban,18-25,
C00316,Individual,Standard,Sales Team,2022-11-09,Urban,18-25,
C00317,Individual,Standard,Online,2024-01-14,Suburban,46-55,
C00318,Individual,Standard,Online,2023-06-14,Suburban,56-65,
C00319,Individual,Standard,Sales Team,2023-11-04,Urban,65+,
C00320,Individual,Standard,Walk-in,2024-12-04,Other,18-25,
C00321,Individual,Standard,Walk-in,2023-01-19,Urban,56-65,
C00322,Individual,Standard,Referral,2024-01-23,Suburban,56-65,
C00323,Individual,Budget,Referral,2023-04-15,Suburban,18-25,
C00324,Individual,Standard,Walk-in,2025-01-03,Urban,56-65,
C00325,Individual,Premium,Online,2024-06-14,Suburban,36-45,
C00326,Individual,Budget,Online,2022-01-12,Urban,56-65,
C00327,SME,Standard,Walk-in,2024-07-13,Urban,,Large (51-200)
C00328,Individual,Budget,Online,2022-08-27,Urban,56-65,
C00329,Individual,Standard,Referral,2024-10-11,Urban,65+,
C00330,Individual,Budget,Referral,2024-03-05,Urban,56-65,
C00331,Individual,Standard,Online,2023-07-17,Suburban,56-65,
C00332,Individual,Standard,Walk-in,2024-08-29,Urban,56-65,
C00333,SME,Standard,Sales Team,2025-04-14,Urban,,Small (1-10)
C00334,SME,Premium,Referral,2024-12-26,Suburban,,Enterprise (200+)
C00335,Individual,Standard,Referral,2024-02-03,Urban,46-55,
C00336,Individual,Budget,Online,2024-10-08,Urban,36-45,
C00337,Individual,Budget,Online,2023-08-03,Suburban,56-65,
C00338,Individual,Premium,Online,2025-01-09,Other,26-35,
C00339,Individual,New,Sales Team,2025-03-06,Urban,26-35,
C00340,Individual,Budget,Online,2022-07-12,Urban,65+,
C00341,Individual,New,Online,2022-11-30,Suburban,26-35,
C00342,Corporate,Budget,Sales Team,2023-01-13,Suburban,,Medium (11-50)
C00343,Individual,Budget,Referral,2022-08-21,Urban,18-25,
C00344,Individual,Standard,Sales Team,2023-07-04,Urban,26-35,
C00345,SME,Budget,Online,2022-09-28,Urban,,Enterprise (200+)
C00346,Individual,New,Online,2024-04-13,Suburban,18-25,
C00347,Individual,Premium,Sales Team,2022-05-23,Other,56-65,
C00348,Individual,Standard,Online,2023-01-13,Suburban,18-25,
C00349,Corporate,Premium,Online,2024-07-20,Urban,,Enterprise (200+)
C00350,Individual,New,Online,2023-07-12,Suburban,56-65,
C00351,Individual,Standard,Walk-in,2023-08-14,Suburban,18-25,
C00352,Individual,Budget,Online,2025-01-22,Urban,65+,
C00353,Individual,Budget,Online,2025-10-10,Suburban,18-25,
C00354,Individual,New,Walk-in,2024-03-02,Urban,46-55,
C00355,Individual,Standard,Walk-in,2022-04-21,Urban,65+,
C00356,Individual,Budget,Online,2022-05-25,Suburban,26-35,
C00357,Individual,New,Referral,2025-09-17,Urban,46-55,
C00358,SME,Premium,Online,2024-08-08,Other,,Medium (11-50)
C00359,Individual,Budget,Referral,2024-11-19,Urban,18-25,
C00360,SME,Standard,Referral,2024-08-04,Urban,,Small (1-10)
C00361,Individual,Budget,Online,2022-09-09,Urban,46-55,
C00362,Individual,Standard,Referral,2023-09-20,Urban,18-25,
C00363,SME,Standard,Online,2025-01-22,Urban,,Medium (11-50)
C00364,SME,Premium,Walk-in,2025-04-27,Suburban,,Small (1-10)
C00365,Individual,Premium,Online,2022-11-29,Urban,26-35,
C00366,Corporate,Premium,Sales Team,2024-04-14,Urban,,Medium (11-50)
C00367,Individual,Budget,Sales Team,2022-08-08,Suburban,46-55,
C00368,Individual,Standard,Online,2025-09-03,Urban,18-25,
C00369,Corporate,Standard,Sales Team,2022-12-20,Suburban,,Medium (11-50)
C00370,Individual,Budget,Sales Team,2024-10-14,Urban,18-25,
C00371,SME,Budget,Online,2022-11-20,Urban,,Small (1-10)
C00372,Individual,Standard,Walk-in,2024-05-12,Suburban,18-25,
C00373,SME,New,Referral,2024-07-11,Suburban,,Medium (11-50)
C00374,Individual,Standard,Walk-in,2023-04-05,Suburban,65+,
C00375,Individual,Budget,Online,2025-02-20,Urban,56-65,
C00376,Individual,Premium,Referral,2025-05-24,Urban,26-35,
C00377,Individual,Budget,Online,2025-04-12,Suburban,26-35,
C00378,Individual,New,Sales Team,2023-04-09,Suburban,46-55,
C00379,Individual,Budget,Online,2024-11-08,Suburban,46-55,
C00380,Individual,Standard,Referral,2024-02-23,Suburban,36-45,
C00381,Individual,Budget,Referral,2024-04-09,Suburban,36-45,
C00382,Individual,Standard,Online,2023-10-31,Urban,46-55,
C00383,SME,Budget,Walk-in,2024-04-20,Suburban,,Medium (11-50)
C00384,SME,Budget,Walk-in,2022-07-09,Urban,,Medium (11-50)
C00385,SME,New,Online,2023-07-27,Urban,,Small (1-10)
C00386,Individual,Standard,Online,2022-09-06,Suburban,65+,
C00387,SME,Premium,Referral,2023-01-28,Urban,,Large (51-200)
C00388,Individual,Standard,Online,2022-06-28,Urban,65+,
C00389,Individual,Premium,Walk-in,2022-10-25,Suburban,36-45,
C00390,Individual,Standard,Walk-in,2024-12-30,Suburban,26-35,
C00391,Individual,Standard,Online,2024-02-09,Urban,56-65,
C00392,Individual,Budget,Online,2022-02-03,Other,18-25,
C00393,Individual,Standard,Online,2025-01-08,Urban,26-35,
C00394,Corporate,Standard,Online,2025-06-27,Suburban,,Enterprise (200+)
C00395,Individual,Premium,Online,2025-05-17,Urban,65+,
C00396,Individual,New,Walk-in,2025-02-26,Urban,36-45,
C00397,Corporate,Budget,Online,2025-10-21,Urban,,Medium (11-50)
C00398,Individual,Premium,Sales Team,2024-03-31,Urban,18-25,
C00399,Individual,Premium,Online,2025-09-09,Urban,46-55,
C00400,SME,Standard,Referral,2025-08-21,Urban,,Medium (11-50)
C00401,SME,Standard,Online,2023-03-15,Suburban,,Large (51-200)
C00402,Individual,Standard,Online,2025-04-23,Urban,46-55,
C00403,Individual,Standard,Online,2025-01-14,Urban,26-35,
C00404,Individual,New,Online,2024-12-22,Other,56-65,
C00405,Individual,Standard,Walk-in,2025-06-08,Suburban,18-25,
C00406,Individual,Budget,Online,2023-06-22,Other,18-25,
C00407,Individual,Premium,Walk-in,2023-07-15,Urban,56-65,
C00408,Individual,New,Walk-in,2024-06-15,Urban,56-65,
C00409,SME,New,Online,2024-10-29,Suburban,,Enterprise (200+)
C00410,Individual,Budget,Online,2025-05-16,Suburban,46-55,
C00411,Individual,Standard,Referral,2025-05-11,Urban,18-25,
C00412,Individual,Standard,Online,2024-10-06,Suburban,46-55,
C00413,SME,Budget,Walk-in,2025-09-01,Suburban,,Large (51-200)
C00414,Individual,Budget,Sales Team,2022-09-08,Suburban,56-65,
C00415,Individual,Standard,Online,2025-08-23,Urban,18-25,
C00416,Individual,Standard,Online,2022-03-31,Suburban,46-55,
C00417,Individual,Standard,Walk-in,2024-02-17,Urban,46-55,
C00418,Individual,Budget,Walk-in,2022-05-07,Other,46-55,
C00419,SME,Budget,Online,2024-03-06,Urban,,Enterprise (200+)
C00420,Individual,Budget,Walk-in,2023-07-01,Urban,36-45,
C00421,SME,Budget,Referral,2022-04-25,Urban,,Large (51-200)
C00422,Corporate,Standard,Referral,2024-06-26,Suburban,,Medium (11-50)
C00423,Individual,Standard,Referral,2024-10-20,Other,65+,
C00424,Individual,Premium,Referral,2022-09-01,Suburban,46-55,
C00425,Individual,Budget,Sales Team,2024-08-30,Suburban,18-25,
C00426,SME,Standard,Online,2022-09-08,Other,,Medium (11-50)
C00427,Individual,Standard,Online,2022-07-12,Suburban,36-45,
C00428,Individual,Standard,Online,2022-07-26,Urban,65+,
C00429,Individual,Standard,Online,2024-04-18,Suburban,26-35,
C00430,SME,Standard,Online,2024-12-26,Urban,,Small (1-10)
C00431,Individual,Standard,Referral,2024-04-15,Urban,56-65,
C00432,Individual,Premium,Walk-in,2025-02-07,Urban,26-35,
C00433,Individual,Budget,Referral,2024-04-08,Urban,56-65,
C00434,Corporate,Standard,Walk-in,2025-01-21,Other,,Small (1-10)
C00435,Individual,Standard,Online,2025-09-29,Other,26-35,
C00436,Individual,Standard,Walk-in,2023-07-02,Urban,26-35,
C00437,SME,Budget,Walk-in,2022-07-29,Suburban,,Medium (11-50)
C00438,Corporate,Standard,Referral,2022-07-09,Urban,,Large (51-200)
C00439,Individual,Budget,Referral,2024-04-16,Urban,36-45,
C00440,Individual,New,Sales Team,2024-02-05,Urban,46-55,
C00441,SME,Budget,Online,2022-09-15,Urban,,Medium (11-50)
C00442,SME,Standard,Walk-in,2025-05-19,Urban,,Small (1-10)
C00443,Individual,Budget,Referral,2025-09-01,Urban,65+,
C00444,Individual,Standard,Online,2022-12-21,Urban,26-35,
C00445,SME,Standard,Online,2022-10-17,Urban,,Large (51-200)
C00446,SME,Standard,Sales Team,2022-10-27,Other,,Enterprise (200+)
C00447,SME,Standard,Online,2023-06-27,Urban,,Enterprise (200+)
C00448,Individual,Premium,Walk-in,2025-04-09,Urban,36-45,
C00449,Individual,Standard,Walk-in,2024-04-14,Urban,18-25,
C00450,Corporate,Premium,Referral,2022-04-05,Urban,,Large (51-200)
C00451,SME,Standard,Online,2023-10-25,Urban,,Medium (11-50)
C00452,SME,Standard,Online,2022-05-07,Urban,,Enterprise (200+)
C00453,Individual,New,Online,2023-07-23,Suburban,36-45,
C00454,Individual,Premium,Walk-in,2023-07-19,Suburban,36-45,
C00455,SME,Budget,Online,2024-06-26,Suburban,,Enterprise (200+)
C00456,Individual,Standard,Online,2024-02-09,Suburban,18-25,
C00457,Corporate,Premium,Walk-in,2025-05-09,Urban,,Medium (11-50)
C00458,Individual,Standard,Online,2022-01-23,Urban,18-25,
C00459,SME,Premium,Online,2024-12-19,Urban,,Medium (11-50)
C00460,SME,Standard,Online,2022-02-01,Urban,,Enterprise (200+)
C00461,Individual,Standard,Online,2023-03-03,Urban,65+,
C00462,Individual,Standard,Walk-in,2025-05-16,Urban,18-25,
C00463,Individual,Standard,Online,2024-08-24,Suburban,46-55,
C00464,Individual,Premium,Online,2022-08-29,Urban,36-45,
C00465,Individual,Standard,Referral,2023-11-19,Urban,18-25,
C00466,Individual,Premium,Online,2024-10-07,Suburban,26-35,
C00467,Corporate,Standard,Walk-in,2025-08-05,Urban,,Enterprise (200+)
C00468,Individual,Standard,Online,2024-06-07,Suburban,18-25,
C00469,Individual,Standard,Sales Team,2022-02-04,Other,18-25,
C00470,Individual,Standard,Walk-in,2023-12-01,Other,56-65,
C00471,Individual,Premium,Referral,2022-08-03,Urban,56-65,
C00472,Individual,New,Walk-in,2022-03-08,Urban,26-35,
C00473,Individual,Premium,Online,2024-04-17,Suburban,56-65,
C00474,Individual,Premium,Sales Team,2024-12-23,Suburban,46-55,
C00475,Individual,Premium,Online,2022-02-20,Suburban,26-35,
C00476,Corporate,New,Online,2025-01-02,Urban,,Small (1-10)
C00477,Individual,Budget,Online,2024-09-15,Urban,56-65,
C00478,Individual,Budget,Online,2024-11-18,Urban,26-35,
C00479,SME,New,Walk-in,2022-12-09,Urban,,Small (1-10)
C00480,SME,Premium,Online,2023-07-06,Urban,,Large (51-200)
C00481,Individual,New,Online,2022-06-17,Other,46-55,
C00482,Individual,Standard,Online,2022-12-01,Urban,46-55,
C00483,Individual,Budget,Sales Team,2023-02-28,Suburban,65+,
C00484,Individual,Standard,Walk-in,2023-03-24,Other,65+,
C00485,Individual,Standard,Online,2022-09-03,Urban,18-25,
C00486,Individual,New,Online,2022-09-22,Urban,36-45,
C00487,Individual,Premium,Referral,2025-06-16,Suburban,26-35,
C00488,Individual,New,Sales Team,2025-01-02,Urban,56-65,
C00489,Corporate,Standard,Walk-in,2023-04-28,Urban,,Medium (11-50)
C00490,Individual,Budget,Online,2025-08-19,Suburban,56-65,
C00491,Individual,New,Sales Team,2022-12-01,Suburban,65+,
C00492,Individual,Premium,Referral,2023-07-24,Suburban,18-25,
C00493,Individual,New,Walk-in,2025-02-12,Other,65+,
C00494,Individual,Standard,Online,2023-09-13,Urban,56-65,
C00495,SME,Budget,Referral,2022-11-25,Suburban,,Enterprise (200+)
C00496,SME,Premium,Online,2023-05-31,Suburban,,Medium (11-50)
C00497,Corporate,Standard,Online,2023-12-03,Suburban,,Medium (11-50)
C00498,Corporate,Budget,Sales Team,2024-05-18,Suburban,,Large (51-200)
C00499,Corporate,Standard,Online,2023-07-22,Suburban,,Enterprise (200+)
C00500,Corporate,Standard,Walk-in,2023-08-27,Suburban,,Enterprise (200+)
C00501,Individual,Standard,Walk-in,2023-01-05,Urban,56-65,
C00502,Individual,New,Walk-in,2024-01-20,Suburban,65+,
C00503,Individual,Premium,Sales Team,2022-11-04,Urban,26-35,
C00504,Individual,Budget,Online,2025-04-29,Suburban,65+,
C00505,Individual,New,Online,2024-11-12,Suburban,36-45,
C00506,SME,Premium,Referral,2023-07-29,Suburban,,Large (51-200)
C00507,Individual,Standard,Online,2024-11-12,Urban,26-35,
C00508,Individual,Budget,Sales Team,2022-01-10,Urban,18-25,
C00509,Individual,Premium,Online,2023-04-28,Urban,56-65,
C00510,Individual,Standard,Online,2023-09-09,Urban,46-55,
C00511,Individual,Budget,Online,2023-10-20,Urban,26-35,
C00512,SME,Standard,Online,2024-11-14,Other,,Large (51-200)
C00513,Individual,Standard,Walk-in,2025-09-09,Urban,56-65,
C00514,SME,Budget,Online,2023-06-16,Other,,Large (51-200)
C00515,Individual,Standard,Walk-in,2023-05-06,Urban,65+,
C00516,Individual,Standard,Walk-in,2024-05-04,Suburban,65+,
C00517,Individual,Standard,Walk-in,2023-01-29,Suburban,18-25,
C00518,SME,New,Online,2022-07-17,Suburban,,Large (51-200)
C00519,SME,Budget,Walk-in,2025-09-08,Suburban,,Large (51-200)
C00520,Individual,Standard,Referral,2025-02-07,Suburban,36-45,
C00521,Corporate,Standard,Online,2025-09-03,Other,,Enterprise (200+)
C00522,Individual,Premium,Walk-in,2022-11-01,Suburban,65+,
C00523,SME,Standard,Walk-in,2022-01-25,Urban,,Large (51-200)
C00524,Individual,Premium,Referral,2023-09-05,Urban,26-35,
C00525,Individual,New,Sales Team,2025-07-31,Suburban,46-55,
C00526,SME,Standard,Referral,2022-07-13,Urban,,Small (1-10)
C00527,Individual,Budget,Online,2022-06-14,Urban,26-35,
C00528,Individual,Standard,Sales Team,2022-04-07,Suburban,26-35,
C00529,Individual,Standard,Online,2024-12-07,Urban,65+,
C00530,Individual,Standard,Walk-in,2025-01-05,Suburban,36-45,
C00531,SME,Standard,Online,2024-08-31,Suburban,,Enterprise (200+)
C00532,SME,Budget,Walk-in,2022-03-16,Suburban,,Enterprise (200+)
C00533,SME,New,Walk-in,2024-10-09,Suburban,,Medium (11-50)
C00534,Individual,New,Walk-in,2023-09-21,Suburban,36-45,
C00535,Individual,Standard,Online,2022-08-10,Suburban,26-35,
C00536,Individual,Budget,Walk-in,2023-02-18,Other,18-25,
C00537,Individual,Premium,Online,2023-12-03,Urban,36-45,
C00538,Individual,New,Sales Team,2023-04-07,Suburban,26-35,
C00539,Corporate,Standard,Online,2025-09-19,Suburban,,Large (51-200)
C00540,SME,Standard,Online,2023-10-27,Urban,,Large (51-200)
C00541,SME,Standard,Sales Team,2023-06-06,Urban,,Small (1-10)
C00542,Individual,Premium,Online,2024-07-31,Suburban,56-65,
C00543,Individual,Standard,Online,2024-06-29,Urban,46-55,
C00544,Individual,New,Walk-in,2022-01-04,Other,46-55,
C00545,Individual,Budget,Referral,2024-05-15,Urban,36-45,
C00546,Individual,New,Referral,2022-12-08,Urban,65+,
C00547,Individual,Premium,Online,2023-06-10,Suburban,26-35,
C00548,Individual,Standard,Online,2024-09-15,Urban,36-45,
C00549,Corporate,Standard,Online,2024-02-20,Urban,,Large (51-200)
C00550,Individual,Standard,Referral,2023-06-01,Suburban,18-25,
C00551,Corporate,Standard,Online,2022-08-23,Urban,,Enterprise (200+)
C00552,Individual,Standard,Online,2023-12-09,Urban,36-45,
C00553,Individual,Standard,Referral,2023-03-24,Suburban,56-65,
C00554,Individual,Standard,Walk-in,2025-07-02,Suburban,56-65,
C00555,Individual,Standard,Walk-in,2024-01-19,Suburban,36-45,
C00556,Individual,Budget,Referral,2025-04-27,Urban,65+,
C00557,Individual,Premium,Online,2023-07-01,Urban,65+,
C00558,Corporate,New,Sales Team,2025-03-04,Other,,Enterprise (200+)
C00559,Individual,Standard,Online,2022-03-21,Suburban,18-25,
C00560,Individual,Budget,Online,2023-02-22,Urban,56-65,
C00561,Individual,Budget,Online,2022-04-20,Suburban,18-25,
C00562,Individual,Budget,Online,2022-02-14,Urban,26-35,
C00563,Individual,Budget,Walk-in,2025-07-10,Suburban,56-65,
C00564,Individual,New,Sales Team,2024-09-30,Suburban,26-35,
C00565,Corporate,Budget,Sales Team,2024-05-25,Other,,Enterprise (200+)
C00566,SME,Standard,Online,2024-01-16,Other,,Enterprise (200+)
C00567,SME,Premium,Online,2024-03-08,Urban,,Medium (11-50)
C00568,Individual,Budget,Referral,2024-06-13,Suburban,65+,
C00569,Individual,Premium,Online,2025-03-03,Urban,36-45,
C00570,Corporate,Standard,Online,2024-04-15,Suburban,,Enterprise (200+)
C00571,Individual,Premium,Walk-in,2024-11-14,Suburban,46-55,
C00572,Individual,Standard,Referral,2023-01-29,Urban,65+,
C00573,Individual,Standard,Sales Team,2025-09-29,Urban,18-25,
C00574,SME,Budget,Referral,2022-02-14,Urban,,Small (1-10)
C00575,Individual,Budget,Referral,2023-06-26,Urban,18-25,
C00576,SME,Budget,Sales Team,2025-05-19,Urban,,Enterprise (200+)
C00577,SME,Standard,Walk-in,2022-09-10,Other,,Enterprise (200+)
C00578,Individual,Standard,Online,2022-07-17,Urban,56-65,
C00579,Corporate,Standard,Online,2023-05-27,Suburban,,Small (1-10)
C00580,Individual,Standard,Online,2023-08-23,Suburban,56-65,
C00581,Individual,Budget,Referral,2025-07-30,Suburban,18-25,
C00582,Individual,Standard,Online,2025-03-16,Urban,26-35,
C00583,Corporate,New,Online,2023-10-12,Suburban,,Small (1-10)
C00584,Individual,Premium,Walk-in,2025-09-24,Suburban,56-65,
C00585,Individual,Budget,Online,2024-06-18,Suburban,56-65,
C00586,Individual,Standard,Walk-in,2025-05-08,Other,18-25,
C00587,Individual,Standard,Walk-in,2022-12-11,Suburban,18-25,
C00588,Individual,Budget,Referral,2023-11-16,Urban,36-45,
C00589,Individual,Premium,Referral,2022-02-11,Suburban,46-55,
C00590,Individual,Budget,Online,2022-01-13,Urban,56-65,
C00591,Corporate,Standard,Walk-in,2024-09-14,Suburban,,Enterprise (200+)
C00592,Individual,Premium,Walk-in,2022-06-15,Urban,65+,
C00593,SME,Premium,Walk-in,2024-02-06,Urban,,Enterprise (200+)
C00594,Individual,Budget,Online,2024-09-01,Urban,46-55,
C00595,Individual,Standard,Online,2022-02-15,Urban,56-65,
C00596,Individual,New,Online,2023-09-21,Other,65+,
C00597,Individual,Budget,Online,2024-08-15,Urban,18-25,
C00598,Corporate,Budget,Walk-in,2025-05-30,Suburban,,Small (1-10)
C00599,Individual,Standard,Referral,2023-02-23,Urban,26-35,
C00600,Individual,Budget,Online,2025-09-25,Other,18-25,
C00601,Individual,New,Online,2025-03-28,Urban,26-35,
C00602,SME,Premium,Online,2024-06-29,Urban,,Small (1-10)
C00603,Individual,Standard,Walk-in,2023-07-03,Urban,46-55,
C00604,Individual,Standard,Online,2024-09-22,Suburban,65+,
C00605,SME,Standard,Sales Team,2025-02-16,Other,,Large (51-200)
C00606,SME,Budget,Walk-in,2023-03-01,Other,,Medium (11-50)
C00607,Corporate,Standard,Sales Team,2025-10-21,Urban,,Large (51-200)
C00608,Individual,Standard,Walk-in,2025-06-26,Urban,36-45,
C00609,Individual,Standard,Walk-in,2023-11-11,Urban,56-65,
C00610,Individual,Premium,Walk-in,2024-10-08,Urban,26-35,
C00611,Corporate,Standard,Online,2024-01-04,Suburban,,Small (1-10)
C00612,Individual,New,Online,2024-12-01,Urban,18-25,
C00613,SME,Budget,Online,2025-03-03,Suburban,,Enterprise (200+)
C00614,Individual,Standard,Referral,2022-02-02,Suburban,46-55,
C00615,Individual,Budget,Referral,2022-04-21,Urban,36-45,
C00616,SME,Premium,Sales Team,2023-04-17,Urban,,Large (51-200)
C00617,Individual,Standard,Referral,2025-07-08,Urban,36-45,
C00618,Corporate,Standard,Online,2023-07-12,Urban,,Small (1-10)
C00619,Individual,New,Walk-in,2025-05-27,Urban,26-35,
C00620,Individual,Budget,Referral,2023-10-10,Suburban,18-25,
C00621,Individual,Budget,Sales Team,2023-02-09,Urban,46-55,
C00622,Individual,Premium,Referral,2025-06-14,Suburban,26-35,
C00623,Individual,Standard,Sales Team,2024-02-24,Suburban,65+,
C00624,Individual,Budget,Walk-in,2023-05-20,Other,26-35,
C00625,Individual,Standard,Online,2022-03-04,Suburban,65+,
C00626,Individual,New,Referral,2022-06-05,Urban,26-35,
C00627,Individual,Budget,Online,2022-07-15,Urban,56-65,
C00628,Individual,Standard,Online,2023-05-26,Urban,56-65,
C00629,Individual,Budget,Online,2024-04-30,Other,18-25,
C00630,Individual,New,Sales Team,2023-03-07,Other,18-25,
C00631,Individual,Standard,Online,2022-04-02,Urban,36-45,
C00632,SME,Budget,Walk-in,2023-01-06,Urban,,Small (1-10)
C00633,SME,New,Referral,2023-07-27,Urban,,Medium (11-50)
C00634,Individual,Standard,Sales Team,2025-10-21,Urban,46-55,
C00635,Individual,New,Online,2023-07-05,Other,36-45,
C00636,Individual,Premium,Online,2022-05-05,Urban,36-45,
C00637,Individual,Budget,Online,2024-03-24,Urban,18-25,
C00638,Individual,Budget,Referral,2025-07-11,Urban,46-55,
C00639,Individual,Budget,Walk-in,2025-01-06,Urban,26-35,
C00640,Individual,Standard,Online,2025-03-16,Urban,36-45,
C00641,Corporate,Budget,Online,2025-07-23,Suburban,,Large (51-200)
C00642,Individual,Standard,Online,2024-06-10,Urban,26-35,
C00643,Individual,Standard,Walk-in,2025-10-24,Suburban,26-35,
C00644,SME,Standard,Referral,2022-02-16,Urban,,Medium (11-50)
C00645,Corporate,Standard,Referral,2025-03-14,Urban,,Enterprise (200+)
C00646,Individual,Standard,Referral,2025-04-14,Urban,46-55,
C00647,Individual,Standard,Online,2025-07-07,Urban,36-45,
C00648,Individual,New,Referral,2023-11-01,Urban,26-35,
C00649,Individual,Standard,Sales Team,2025-01-07,Urban,26-35,
C00650,Corporate,Standard,Online,2022-10-01,Suburban,,Medium (11-50)
C00651,Individual,Standard,Walk-in,2024-04-24,Suburban,26-35,
C00652,Individual,Standard,Online,2023-05-18,Other,26-35,
C00653,Individual,Budget,Online,2024-04-14,Urban,56-65,
C00654,Individual,Standard,Online,2024-08-03,Suburban,18-25,
C00655,SME,Premium,Online,2023-05-01,Suburban,,Large (51-200)
C00656,Individual,New,Online,2022-10-30,Urban,18-25,
C00657,Individual,Budget,Online,2023-03-27,Urban,56-65,
C00658,Corporate,Budget,Online,2024-07-18,Urban,,Small (1-10)
C00659,SME,New,Sales Team,2024-08-05,Suburban,,Small (1-10)
C00660,Individual,New,Online,2024-11-03,Urban,46-55,
C00661,Individual,Standard,Online,2022-06-27,Urban,36-45,
C00662,Individual,Budget,Referral,2025-02-19,Other,36-45,
C00663,Individual,Budget,Online,2024-08-21,Urban,56-65,
C00664,Individual,Standard,Walk-in,2022-02-12,Other,65+,
C00665,Individual,Standard,Referral,2023-04-15,Suburban,56-65,
C00666,Corporate,Premium,Online,2023-10-16,Suburban,,Large (51-200)
C00667,Corporate,Budget,Online,2023-05-20,Suburban,,Enterprise (200+)
C00668,SME,Budget,Referral,2022-06-14,Urban,,Enterprise (200+)
C00669,Corporate,Budget,Sales Team,2022-10-18,Suburban,,Enterprise (200+)
C00670,SME,Standard,Online,2022-02-04,Suburban,,Small (1-10)
C00671,SME,Standard,Walk-in,2022-05-11,Suburban,,Large (51-200)
C00672,SME,Standard,Online,2023-01-08,Urban,,Large (51-200)
C00673,Individual,Standard,Sales Team,2025-02-21,Urban,18-25,
C00674,Individual,New,Online,2024-01-08,Urban,56-65,
C00675,Individual,New,Online,2023-08-18,Urban,65+,
C00676,Individual,New,Walk-in,2024-07-16,Suburban,18-25,
C00677,Individual,New,Online,2024-01-29,Suburban,36-45,
C00678,Individual,New,Online,2022-07-04,Suburban,65+,
C00679,Individual,Standard,Sales Team,2022-11-08,Suburban,18-25,
C00680,Individual,Premium,Online,2022-11-08,Urban,56-65,
C00681,Individual,Premium,Walk-in,2024-04-19,Urban,56-65,
C00682,SME,Standard,Walk-in,2023-10-09,Urban,,Small (1-10)
C00683,SME,Standard,Walk-in,2023-06-27,Urban,,Small (1-10)
C00684,Individual,Standard,Sales Team,2024-02-19,Urban,26-35,
C00685,Individual,New,Online,2025-09-20,Urban,36-45,
C00686,Individual,Standard,Online,2023-03-16,Urban,65+,
C00687,SME,New,Referral,2023-12-30,Suburban,,Small (1-10)
C00688,SME,Budget,Walk-in,2023-11-04,Urban,,Medium (11-50)
C00689,Individual,Budget,Walk-in,2024-09-30,Urban,46-55,
C00690,SME,Budget,Online,2024-10-19,Urban,,Enterprise (200+)
C00691,Individual,Standard,Referral,2024-10-17,Suburban,36-45,
C00692,Individual,Budget,Online,2022-10-10,Suburban,46-55,
C00693,Corporate,Standard,Online,2023-09-21,Urban,,Medium (11-50)
C00694,Individual,New,Walk-in,2025-02-09,Urban,65+,
C00695,Individual,Standard,Referral,2023-06-19,Other,56-65,
C00696,Individual,Standard,Walk-in,2025-10-09,Suburban,18-25,
C00697,Individual,Budget,Walk-in,2023-05-26,Suburban,56-65,
C00698,Corporate,Budget,Sales Team,2023-11-28,Urban,,Enterprise (200+)
C00699,Corporate,Standard,Referral,2023-10-27,Suburban,,Small (1-10)
C00700,Individual,Budget,Sales Team,2023-08-31,Suburban,36-45,
C00701,Individual,Standard,Walk-in,2025-03-29,Urban,18-25,
C00702,SME,Budget,Walk-in,2022-08-06,Suburban,,Small (1-10)
C00703,Individual,Standard,Referral,2024-03-05,Urban,65+,
C00704,SME,Standard,Online,2024-05-16,Suburban,,Enterprise (200+)
C00705,Individual,Standard,Walk-in,2025-04-06,Urban,46-55,
C00706,Individual,Standard,Online,2024-05-02,Urban,26-35,
C00707,SME,Standard,Online,2025-09-06,Other,,Enterprise (200+)
C00708,Individual,Standard,Online,2025-05-06,Suburban,65+,
C00709,Individual,Standard,Online,2023-05-04,Urban,18-25,
C00710,Individual,Standard,Referral,2025-04-18,Other,36-45,
C00711,Individual,Standard,Online,2025-09-03,Urban,56-65,
C00712,Individual,Premium,Online,2022-12-27,Urban,36-45,
C00713,Individual,Budget,Sales Team,2024-05-04,Suburban,36-45,
C00714,Corporate,New,Sales Team,2023-01-30,Urban,,Small (1-10)
C00715,Corporate,Standard,Online,2024-06-28,Urban,,Small (1-10)
C00716,Individual,New,Referral,2022-05-12,Suburban,18-25,
C00717,Individual,Premium,Online,2024-10-24,Urban,18-25,
C00718,SME,Premium,Online,2023-08-11,Urban,,Small (1-10)
C00719,Corporate,Budget,Sales Team,2024-04-02,Urban,,Small (1-10)
C00720,Individual,Budget,Online,2022-02-06,Suburban,36-45,
C00721,Individual,Budget,Referral,2024-08-31,Urban,18-25,
C00722,Individual,Premium,Referral,2023-11-26,Urban,56-65,
C00723,Individual,Budget,Online,2024-05-25,Suburban,56-65,
C00724,Individual,Standard,Walk-in,2023-03-18,Urban,65+,
C00725,Individual,Standard,Walk-in,2022-07-24,Urban,46-55,
C00726,SME,Standard,Online,2023-09-02,Suburban,,Small (1-10)
C00727,SME,New,Online,2025-08-14,Suburban,,Large (51-200)
C00728,SME,Premium,Sales Team,2022-11-15,Urban,,Small (1-10)
C00729,Individual,Budget,Online,2024-08-04,Suburban,46-55,
C00730,Individual,Budget,Walk-in,2022-03-11,Suburban,65+,
C00731,SME,Budget,Sales Team,2024-10-02,Urban,,Medium (11-50)
C00732,SME,Budget,Online,2022-11-30,Suburban,,Medium (11-50)
C00733,Individual,New,Sales Team,2023-09-25,Suburban,18-25,
C00734,SME,Standard,Online,2023-05-30,Suburban,,Small (1-10)
C00735,Individual,Premium,Walk-in,2022-06-07,Suburban,18-25,
C00736,SME,Standard,Referral,2023-04-29,Suburban,,Medium (11-50)
C00737,Individual,Standard,Online,2023-05-06,Other,56-65,
C00738,Individual,Premium,Online,2024-01-01,Suburban,26-35,
C00739,Individual,Standard,Referral,2025-09-23,Suburban,56-65,
C00740,Individual,Standard,Referral,2023-10-21,Suburban,18-25,
C00741,Individual,Premium,Online,2025-07-04,Suburban,56-65,
C00742,Individual,Premium,Online,2023-10-09,Other,18-25,
C00743,Individual,New,Online,2022-05-31,Urban,26-35,
C00744,SME,Standard,Online,2022-11-19,Urban,,Small (1-10)
C00745,Individual,New,Sales Team,2023-07-25,Suburban,18-25,
C00746,Individual,New,Sales Team,2023-04-01,Urban,65+,
C00747,SME,Premium,Referral,2025-04-27,Suburban,,Small (1-10)
C00748,Individual,Budget,Online,2024-08-08,Suburban,65+,
C00749,Individual,Budget,Walk-in,2024-03-20,Other,36-45,
C00750,SME,Budget,Walk-in,2023-11-19,Urban,,Small (1-10)
C00751,SME,Premium,Online,2023-07-11,Suburban,,Enterprise (200+)
C00752,Individual,Standard,Walk-in,2024-05-07,Urban,36-45,
C00753,SME,Premium,Referral,2022-06-24,Urban,,Enterprise (200+)
C00754,Individual,Budget,Online,2022-08-16,Urban,56-65,
C00755,Individual,New,Walk-in,2023-03-01,Urban,26-35,
C00756,SME,Budget,Walk-in,2022-08-28,Urban,,Medium (11-50)
C00757,Individual,Budget,Walk-in,2024-08-05,Suburban,36-45,
C00758,SME,New,Referral,2022-02-04,Suburban,,Medium (11-50)
C00759,Individual,Budget,Referral,2022-08-13,Urban,36-45,
C00760,SME,Premium,Referral,2025-06-17,Urban,,Enterprise (200+)
C00761,Individual,New,Referral,2025-10-28,Urban,18-25,
C00762,Individual,Standard,Referral,2023-11-14,Other,18-25,
C00763,Individual,Premium,Online,2023-11-25,Other,46-55,
C00764,Individual,Standard,Online,2024-12-18,Urban,36-45,
C00765,SME,New,Walk-in,2022-02-20,Urban,,Medium (11-50)
C00766,Individual,Standard,Online,2023-08-21,Urban,46-55,
C00767,Individual,Standard,Referral,2022-05-20,Suburban,46-55,
C00768,Individual,Standard,Walk-in,2023-07-16,Urban,56-65,
C00769,Individual,Premium,Referral,2025-10-09,Urban,26-35,
C00770,SME,Premium,Sales Team,2024-11-21,Urban,,Small (1-10)
C00771,Individual,Budget,Referral,2025-10-11,Urban,36-45,
C00772,Corporate,New,Online,2024-11-10,Urban,,Enterprise (200+)
C00773,Individual,Premium,Sales Team,2024-05-01,Urban,36-45,
C00774,Individual,Standard,Online,2024-11-21,Suburban,36-45,
C00775,Individual,Standard,Walk-in,2024-07-11,Urban,46-55,
C00776,Individual,Premium,Walk-in,2023-10-12,Urban,18-25,
C00777,SME,Standard,Referral,2023-02-14,Suburban,,Enterprise (200+)
C00778,Corporate,Budget,Walk-in,2023-12-30,Urban,,Large (51-200)
C00779,SME,Budget,Sales Team,2022-12-28,Suburban,,Large (51-200)
C00780,Individual,Standard,Sales Team,2023-11-13,Other,26-35,
C00781,Individual,Standard,Online,2022-07-24,Urban,36-45,
C00782,Individual,Premium,Online,2024-03-02,Suburban,26-35,
C00783,Individual,Standard,Walk-in,2022-12-10,Suburban,26-35,
C00784,SME,New,Online,2023-02-16,Suburban,,Large (51-200)
C00785,Individual,Budget,Online,2023-11-30,Urban,36-45,
C00786,Individual,New,Referral,2022-08-16,Urban,46-55,
C00787,SME,New,Referral,2025-09-09,Urban,,Large (51-200)
C00788,SME,Budget,Online,2023-09-18,Other,,Medium (11-50)
C00789,Individual,New,Referral,2023-05-09,Suburban,18-25,
C00790,Individual,Standard,Referral,2022-02-10,Urban,56-65,
C00791,Individual,Premium,Referral,2025-03-26,Urban,65+,
C00792,Individual,Premium,Sales Team,2024-05-26,Urban,65+,
C00793,Individual,Premium,Referral,2023-08-06,Urban,26-35,
C00794,Individual,Premium,Referral,2022-12-10,Suburban,26-35,
C00795,SME,Standard,Online,2024-11-09,Urban,,Small (1-10)
C00796,SME,Budget,Online,2025-08-16,Suburban,,Enterprise (200+)
C00797,Individual,Budget,Sales Team,2023-06-18,Suburban,56-65,
C00798,Individual,Standard,Sales Team,2022-07-08,Suburban,36-45,
C00799,Individual,Premium,Online,2022-06-02,Suburban,18-25,
C00800,Individual,Budget,Online,2022-01-09,Urban,56-65,
C00801,Individual,Standard,Online,2024-11-07,Suburban,65+,
C00802,Individual,Premium,Referral,2025-10-05,Suburban,65+,
C00803,Individual,Standard,Online,2025-10-21,Urban,18-25,
C00804,Individual,Standard,Referral,2025-01-02,Urban,56-65,
C00805,Individual,Standard,Referral,2022-08-16,Urban,18-25,
C00806,Individual,Budget,Online,2025-09-30,Urban,65+,
C00807,SME,Budget,Referral,2023-04-04,Urban,,Small (1-10)
C00808,Individual,Budget,Referral,2023-04-13,Urban,18-25,
C00809,Individual,Premium,Online,2024-08-20,Suburban,36-45,
C00810,SME,Budget,Online,2022-03-10,Urban,,Enterprise (200+)
C00811,Individual,Budget,Referral,2025-03-02,Urban,65+,
C00812,Individual,Standard,Referral,2025-10-28,Urban,18-25,
C00813,Corporate,Budget,Referral,2024-12-21,Urban,,Enterprise (200+)
C00814,Individual,Standard,Online,2024-12-30,Other,26-35,
C00815,Individual,Standard,Walk-in,2023-07-01,Urban,65+,
C00816,Individual,Premium,Sales Team,2022-04-03,Urban,46-55,
C00817,Individual,Standard,Online,2025-01-14,Urban,56-65,
C00818,Individual,Premium,Online,2024-04-16,Urban,56-65,
C00819,Individual,Standard,Walk-in,2025-06-27,Suburban,56-65,
C00820,Individual,Premium,Walk-in,2022-06-12,Suburban,26-35,
C00821,Individual,New,Referral,2023-03-04,Urban,36-45,
C00822,Individual,Standard,Referral,2023-05-20,Suburban,26-35,
C00823,Individual,Standard,Online,2024-08-14,Urban,18-25,
C00824,Individual,Standard,Online,2025-01-07,Suburban,46-55,
C00825,SME,New,Referral,2025-09-07,Suburban,,Small (1-10)
C00826,Individual,Standard,Online,2023-02-18,Urban,65+,
C00827,Individual,New,Online,2023-11-23,Suburban,46-55,
C00828,Individual,Standard,Online,2022-02-10,Suburban,56-65,
C00829,Individual,Premium,Online,2022-12-21,Urban,65+,
C00830,Individual,Standard,Walk-in,2023-06-08,Other,26-35,
C00831,Individual,Standard,Online,2024-04-11,Suburban,36-45,
C00832,Individual,Budget,Online,2023-10-22,Urban,65+,
C00833,SME,New,Referral,2023-05-26,Suburban,,Medium (11-50)
C00834,Corporate,Standard,Walk-in,2024-05-23,Suburban,,Small (1-10)
C00835,Individual,New,Online,2025-03-06,Urban,26-35,
C00836,Individual,Standard,Referral,2022-12-05,Urban,18-25,
C00837,Individual,Standard,Online,2023-04-26,Suburban,46-55,
C00838,Individual,Standard,Walk-in,2024-09-13,Suburban,65+,
C00839,Individual,Premium,Walk-in,2024-12-25,Urban,26-35,
C00840,SME,Budget,Sales Team,2025-03-01,Urban,,Small (1-10)
C00841,SME,Premium,Walk-in,2022-10-21,Urban,,Medium (11-50)
C00842,SME,Standard,Online,2024-01-25,Other,,Small (1-10)
C00843,Individual,Standard,Online,2025-06-14,Suburban,26-35,
C00844,Corporate,Premium,Referral,2023-07-03,Urban,,Large (51-200)
C00845,Individual,Premium,Walk-in,2023-08-25,Suburban,36-45,
C00846,Individual,Budget,Online,2025-10-10,Suburban,36-45,
C00847,Individual,Premium,Referral,2022-06-08,Urban,56-65,
C00848,Corporate,Standard,Sales Team,2024-09-14,Urban,,Small (1-10)
C00849,Individual,Standard,Online,2025-04-05,Suburban,36-45,
C00850,SME,Standard,Referral,2022-07-31,Urban,,Small (1-10)
C00851,Individual,Standard,Online,2024-09-27,Urban,26-35,
C00852,Corporate,Budget,Sales Team,2023-10-20,Suburban,,Large (51-200)
C00853,Individual,New,Sales Team,2025-04-09,Other,36-45,
C00854,Individual,Premium,Online,2025-06-24,Urban,26-35,
C00855,Corporate,New,Sales Team,2025-05-06,Suburban,,Medium (11-50)
C00856,Individual,Standard,Sales Team,2022-04-01,Other,56-65,
C00857,Individual,Budget,Walk-in,2024-11-25,Urban,65+,
C00858,Individual,Budget,Sales Team,2025-07-14,Urban,18-25,
C00859,Individual,Budget,Online,2024-05-19,Suburban,56-65,
C00860,Individual,Budget,Walk-in,2024-04-21,Suburban,18-25,
C00861,Individual,Standard,Online,2022-03-05,Urban,56-65,
C00862,Individual,Standard,Walk-in,2025-04-13,Suburban,26-35,
C00863,SME,Standard,Referral,2022-03-06,Suburban,,Medium (11-50)
C00864,Individual,Premium,Walk-in,2023-03-15,Suburban,65+,
C00865,Individual,Budget,Sales Team,2025-07-20,Suburban,46-55,
C00866,Individual,Premium,Online,2025-08-22,Urban,26-35,
C00867,Individual,Standard,Sales Team,2025-10-20,Urban,36-45,
C00868,Individual,Premium,Online,2023-10-29,Urban,18-25,
C00869,Corporate,Standard,Referral,2022-09-06,Other,,Small (1-10)
C00870,Corporate,Budget,Referral,2023-11-15,Other,,Small (1-10)
C00871,Individual,Budget,Walk-in,2022-05-24,Suburban,46-55,
C00872,Individual,Standard,Online,2025-05-06,Urban,18-25,
C00873,Individual,Premium,Online,2024-02-24,Suburban,65+,
C00874,Individual,Standard,Walk-in,2023-07-21,Urban,26-35,
C00875,Individual,Standard,Online,2022-04-22,Urban,65+,
C00876,Individual,Budget,Online,2023-07-22,Urban,18-25,
C00877,Individual,Standard,Sales Team,2025-04-27,Suburban,56-65,
C00878,Individual,Standard,Walk-in,2024-09-11,Urban,18-25,
C00879,Individual,Standard,Walk-in,2022-04-26,Suburban,26-35,
C00880,Individual,New,Online,2022-08-12,Other,46-55,
C00881,Individual,Budget,Sales Team,2023-07-04,Suburban,56-65,
C00882,Individual,Standard,Online,2022-05-22,Urban,56-65,
C00883,SME,Standard,Online,2025-07-31,Other,,Small (1-10)
C00884,Individual,Premium,Referral,2024-07-02,Suburban,46-55,
C00885,Individual,New,Online,2022-05-13,Urban,26-35,
C00886,Individual,Standard,Walk-in,2025-01-08,Suburban,65+,
C00887,SME,Standard,Walk-in,2023-05-31,Suburban,,Small (1-10)
C00888,Individual,New,Online,2022-12-09,Urban,65+,
C00889,SME,Budget,Referral,2024-03-08,Urban,,Medium (11-50)
C00890,Corporate,Premium,Walk-in,2022-01-19,Urban,,Enterprise (200+)
C00891,Individual,Premium,Sales Team,2023-10-14,Urban,46-55,
C00892,Individual,Premium,Online,2025-03-27,Suburban,46-55,
C00893,Individual,Standard,Referral,2025-07-23,Urban,46-55,
C00894,Corporate,Premium,Online,2023-04-25,Urban,,Enterprise (200+)
C00895,Individual,New,Online,2024-06-18,Urban,56-65,
C00896,Corporate,New,Online,2022-11-14,Urban,,Large (51-200)
C00897,Individual,Standard,Online,2024-02-24,Urban,18-25,
C00898,Individual,Budget,Walk-in,2022-12-22,Suburban,65+,
C00899,Individual,Standard,Online,2024-03-10,Urban,56-65,
C00900,Individual,Premium,Online,2022-08-29,Urban,26-35,
C00901,Individual,Budget,Referral,2025-08-10,Suburban,36-45,
C00902,Individual,Premium,Sales Team,2025-05-26,Other,56-65,
C00903,SME,Premium,Online,2023-04-17,Urban,,Enterprise (200+)
C00904,SME,Standard,Online,2024-12-23,Urban,,Small (1-10)
C00905,Individual,Premium,Referral,2022-05-14,Urban,18-25,
C00906,Individual,Standard,Walk-in,2024-11-02,Urban,18-25,
C00907,Individual,Budget,Sales Team,2023-01-31,Urban,36-45,
C00908,SME,Budget,Referral,2022-07-09,Other,,Medium (11-50)
C00909,Individual,Budget,Referral,2024-08-07,Suburban,65+,
C00910,SME,Budget,Referral,2023-10-20,Urban,,Large (51-200)
C00911,Individual,Standard,Walk-in,2024-01-13,Other,36-45,
C00912,Individual,Budget,Sales Team,2023-12-30,Urban,65+,
C00913,Individual,Standard,Online,2022-03-25,Urban,46-55,
C00914,Individual,Standard,Online,2022-03-13,Urban,65+,
C00915,SME,New,Walk-in,2024-04-21,Urban,,Small (1-10)
C00916,Individual,Standard,Walk-in,2024-05-23,Suburban,36-45,
C00917,Individual,Premium,Online,2022-03-08,Urban,65+,
C00918,Corporate,Standard,Referral,2023-06-14,Suburban,,Small (1-10)
C00919,Corporate,Standard,Online,2024-05-07,Urban,,Medium (11-50)
C00920,SME,Standard,Walk-in,2024-07-08,Other,,Small (1-10)
C00921,Individual,Standard,Walk-in,2025-03-05,Suburban,36-45,
C00922,Individual,New,Walk-in,2023-08-13,Urban,56-65,
C00923,SME,Standard,Walk-in,2024-02-07,Urban,,Small (1-10)
C00924,Individual,Standard,Online,2024-03-20,Other,46-55,
C00925,Individual,Standard,Online,2023-03-13,Urban,26-35,
C00926,SME,Budget,Referral,2022-03-17,Urban,,Enterprise (200+)
C00927,Individual,Standard,Sales Team,2022-01-06,Suburban,46-55,
C00928,Individual,Premium,Online,2025-03-16,Urban,36-45,
C00929,Corporate,Standard,Online,2022-10-08,Urban,,Large (51-200)
C00930,Individual,Budget,Referral,2024-06-01,Urban,18-25,
C00931,Individual,Budget,Walk-in,2024-03-18,Urban,18-25,
C00932,Individual,Standard,Walk-in,2023-07-14,Urban,26-35,
C00933,Individual,Budget,Walk-in,2025-03-12,Urban,65+,
C00934,Individual,Standard,Online,2024-09-04,Urban,56-65,
C00935,SME,Premium,Sales Team,2022-02-01,Urban,,Small (1-10)
C00936,SME,Premium,Walk-in,2024-12-23,Urban,,Medium (11-50)
C00937,Individual,Premium,Walk-in,2023-12-11,Other,56-65,
C00938,Individual,Standard,Walk-in,2023-05-01,Suburban,56-65,
C00939,SME,Standard,Sales Team,2024-10-14,Urban,,Small (1-10)
C00940,Individual,Standard,Sales Team,2024-08-18,Urban,26-35,
C00941,Individual,Standard,Online,2023-03-11,Suburban,56-65,
C00942,Individual,Standard,Online,2025-10-08,Urban,18-25,
C00943,Individual,Budget,Online,2024-06-27,Urban,46-55,
C00944,Individual,Budget,Walk-in,2024-04-28,Suburban,56-65,
C00945,Individual,Standard,Walk-in,2022-04-08,Urban,56-65,
C00946,Individual,Standard,Referral,2023-01-27,Suburban,18-25,
C00947,Individual,Standard,Referral,2023-09-18,Suburban,18-25,
C00948,Individual,Standard,Sales Team,2024-06-01,Suburban,46-55,
C00949,Individual,Standard,Sales Team,2023-12-19,Urban,18-25,
C00950,Individual,Standard,Sales Team,2024-12-04,Urban,18-25,
C00951,Individual,Budget,Online,2023-01-03,Urban,36-45,
C00952,Individual,Budget,Walk-in,2024-09-10,Suburban,36-45,
C00953,Individual,Premium,Walk-in,2025-02-17,Other,65+,
C00954,Individual,Standard,Online,2024-12-07,Other,18-25,
C00955,Individual,New,Referral,2024-12-15,Urban,26-35,
C00956,Corporate,Premium,Sales Team,2025-05-28,Suburban,,Enterprise (200+)
C00957,Individual,New,Referral,2022-04-28,Urban,18-25,
C00958,SME,Standard,Online,2024-09-03,Suburban,,Small (1-10)
C00959,Corporate,Standard,Walk-in,2025-09-18,Urban,,Large (51-200)
C00960,Individual,Standard,Walk-in,2024-03-14,Urban,65+,
C00961,Individual,Premium,Online,2022-11-01,Urban,46-55,
C00962,SME,New,Walk-in,2025-10-30,Other,,Small (1-10)
C00963,Individual,Standard,Online,2022-09-02,Urban,18-25,
C00964,Individual,New,Walk-in,2023-04-15,Urban,18-25,
C00965,Individual,Standard,Online,2022-08-29,Urban,65+,
C00966,Individual,New,Walk-in,2023-10-13,Urban,36-45,
C00967,Individual,New,Walk-in,2023-08-10,Other,65+,
C00968,Corporate,Standard,Referral,2023-11-19,Urban,,Medium (11-50)
C00969,Corporate,Standard,Online,2025-07-23,Urban,,Small (1-10)
C00970,Individual,Budget,Walk-in,2023-11-01,Suburban,56-65,
C00971,SME,Standard,Referral,2023-12-22,Urban,,Enterprise (200+)
C00972,Individual,New,Referral,2025-05-26,Urban,36-45,
C00973,Corporate,Standard,Online,2025-02-18,Urban,,Small (1-10)
C00974,Individual,Standard,Sales Team,2022-12-02,Urban,65+,
C00975,Corporate,Premium,Online,2022-01-19,Urban,,Medium (11-50)
C00976,SME,Budget,Online,2024-05-31,Urban,,Medium (11-50)
C00977,Individual,New,Sales Team,2025-03-28,Urban,26-35,
C00978,Individual,Premium,Online,2024-02-13,Suburban,18-25,
C00979,SME,Budget,Online,2022-10-23,Suburban,,Small (1-10)
C00980,Individual,New,Online,2024-11-03,Suburban,26-35,
C00981,Individual,Premium,Online,2024-07-26,Urban,36-45,
C00982,Corporate,Premium,Online,2024-03-02,Urban,,Enterprise (200+)
C00983,Individual,Budget,Walk-in,2025-04-23,Other,18-25,
C00984,Individual,Budget,Referral,2025-01-02,Suburban,65+,
C00985,Individual,Premium,Walk-in,2024-07-24,Urban,26-35,
C00986,Individual,Budget,Online,2024-07-19,Urban,46-55,
C00987,Corporate,Standard,Online,2024-07-16,Urban,,Medium (11-50)
C00988,Individual,New,Referral,2024-01-06,Urban,46-55,
C00989,Individual,New,Online,2023-10-12,Urban,56-65,
C00990,Individual,Budget,Walk-in,2024-09-20,Urban,26-35,
C00991,Corporate,Standard,Online,2024-05-04,Other,,Enterprise (200+)
C00992,Individual,Standard,Referral,2023-11-17,Suburban,56-65,
C00993,SME,Standard,Online,2022-06-27,Suburban,,Medium (11-50)
C00994,SME,Premium,Walk-in,2024-09-09,Urban,,Enterprise (200+)
C00995,SME,Budget,Online,2024-06-23,Suburban,,Large (51-200)
C00996,Corporate,Premium,Walk-in,2023-04-25,Suburban,,Large (51-200)
C00997,SME,Standard,Online,2023-05-14,Urban,,Small (1-10)
C00998,Corporate,Premium,Referral,2022-12-12,Suburban,,Large (51-200)
C00999,Individual,Standard,Walk-in,2025-09-08,Suburban,36-45,
C01000,SME,Standard,Online,2025-04-19,Suburban,,Enterprise (200+)
C01001,Individual,Budget,Referral,2024-02-25,Urban,56-65,
C01002,Individual,Budget,Sales Team,2023-07-17,Suburban,36-45,
C01003,SME,Premium,Referral,2024-10-28,Urban,,Large (51-200)
C01004,Corporate,New,Online,2024-01-09,Urban,,Medium (11-50)
C01005,SME,New,Online,2025-09-28,Urban,,Small (1-10)
C01006,Individual,Standard,Online,2022-03-19,Urban,36-45,
C01007,Individual,Budget,Walk-in,2022-02-18,Urban,36-45,
C01008,Individual,Standard,Referral,2024-03-07,Urban,36-45,
C01009,Individual,Standard,Sales Team,2022-10-12,Suburban,26-35,
C01010,Individual,Standard,Walk-in,2024-04-26,Urban,65+,
C01011,Individual,Premium,Sales Team,2024-12-29,Other,46-55,
C01012,Individual,New,Walk-in,2022-07-13,Urban,26-35,
C01013,SME,New,Sales Team,2023-09-09,Suburban,,Small (1-10)
C01014,Individual,Budget,Walk-in,2024-08-22,Other,36-45,
C01015,Corporate,Standard,Online,2025-03-13,Suburban,,Medium (11-50)
C01016,Individual,Standard,Online,2023-11-26,Suburban,56-65,
C01017,Individual,New,Walk-in,2022-10-16,Suburban,56-65,
C01018,Individual,Standard,Online,2024-03-31,Urban,46-55,
C01019,Individual,Premium,Walk-in,2023-09-29,Urban,65+,
C01020,Corporate,Standard,Referral,2024-12-16,Urban,,Small (1-10)
C01021,Individual,Standard,Walk-in,2024-02-17,Urban,65+,
C01022,Individual,Standard,Online,2023-01-27,Urban,46-55,
C01023,Corporate,Premium,Sales Team,2024-11-22,Urban,,Medium (11-50)
C01024,Corporate,Standard,Referral,2023-12-26,Other,,Large (51-200)
C01025,Individual,Standard,Referral,2022-09-06,Suburban,26-35,
C01026,Individual,Standard,Walk-in,2024-02-28,Suburban,26-35,
C01027,Individual,Premium,Walk-in,2025-08-20,Suburban,46-55,
C01028,Individual,Standard,Walk-in,2024-09-14,Urban,36-45,
C01029,Individual,New,Sales Team,2023-02-23,Urban,36-45,
C01030,Individual,Standard,Online,2024-09-22,Suburban,36-45,
C01031,Corporate,Budget,Walk-in,2023-01-31,Suburban,,Small (1-10)
C01032,Individual,Budget,Online,2024-01-30,Urban,56-65,
C01033,Individual,Standard,Online,2024-01-08,Urban,26-35,
C01034,Individual,Budget,Online,2022-12-13,Urban,36-45,
C01035,SME,Budget,Referral,2023-05-03,Urban,,Small (1-10)
C01036,Individual,Standard,Online,2025-08-12,Urban,26-35,
C01037,SME,Premium,Walk-in,2022-12-17,Urban,,Large (51-200)
C01038,Corporate,Premium,Referral,2025-01-26,Suburban,,Medium (11-50)
C01039,Individual,New,Sales Team,2024-07-23,Other,18-25,
C01040,Individual,Budget,Online,2024-01-16,Urban,18-25,
C01041,Individual,New,Referral,2022-07-12,Suburban,46-55,
C01042,Individual,New,Walk-in,2022-10-14,Suburban,18-25,
C01043,Corporate,Premium,Referral,2022-09-08,Urban,,Enterprise (200+)
C01044,Individual,Budget,Referral,2024-04-01,Suburban,36-45,
C01045,SME,Standard,Walk-in,2025-09-24,Urban,,Medium (11-50)
C01046,Individual,Budget,Referral,2025-05-13,Suburban,36-45,
C01047,Individual,Premium,Referral,2022-02-05,Urban,18-25,
C01048,Individual,Standard,Walk-in,2023-01-19,Other,26-35,
C01049,Individual,Budget,Referral,2022-08-09,Other,36-45,
C01050,Individual,Budget,Walk-in,2025-09-27,Urban,26-35,
C01051,Individual,Budget,Walk-in,2022-11-26,Urban,65+,
C01052,Individual,Standard,Referral,2022-10-09,Urban,56-65,
C01053,SME,Standard,Online,2024-05-19,Suburban,,Enterprise (200+)
C01054,Individual,New,Referral,2024-02-18,Suburban,46-55,
C01055,Corporate,Standard,Walk-in,2022-11-13,Urban,,Large (51-200)
C01056,Individual,Standard,Referral,2024-07-27,Suburban,65+,
C01057,Individual,Standard,Sales Team,2022-05-16,Urban,18-25,
C01058,Individual,Standard,Online,2022-01-28,Urban,56-65,
C01059,Individual,Standard,Walk-in,2022-04-26,Urban,65+,
C01060,Individual,Standard,Referral,2023-05-26,Urban,26-35,
C01061,Individual,Budget,Online,2025-09-27,Urban,56-65,
C01062,Corporate,New,Online,2024-02-06,Urban,,Enterprise (200+)
C01063,Individual,New,Online,2024-11-22,Urban,46-55,
C01064,Individual,Standard,Sales Team,2023-03-27,Other,65+,
C01065,Individual,Standard,Referral,2024-10-04,Urban,65+,
C01066,Individual,Budget,Referral,2025-09-14,Other,46-55,
C01067,Individual,Budget,Online,2023-05-16,Suburban,65+,
C01068,Individual,Standard,Online,2025-10-30,Suburban,18-25,
C01069,Individual,Budget,Sales Team,2024-06-12,Urban,46-55,
C01070,Individual,Budget,Sales Team,2024-11-14,Suburban,65+,
C01071,Corporate,Budget,Sales Team,2022-12-20,Urban,,Enterprise (200+)
C01072,Individual,Budget,Referral,2024-06-19,Urban,18-25,
C01073,SME,Standard,Online,2023-12-17,Urban,,Small (1-10)
C01074,Individual,Standard,Walk-in,2025-08-31,Urban,56-65,
C01075,Individual,Standard,Online,2025-06-20,Other,46-55,
C01076,SME,Premium,Walk-in,2023-07-10,Other,,Medium (11-50)
C01077,Individual,New,Online,2025-08-18,Suburban,18-25,
C01078,SME,Budget,Online,2025-05-23,Urban,,Medium (11-50)
C01079,Individual,Premium,Sales Team,2024-04-06,Suburban,56-65,
C01080,Individual,Budget,Online,2022-04-25,Suburban,18-25,
C01081,SME,Budget,Sales Team,2022-08-14,Urban,,Enterprise (200+)
C01082,Individual,Budget,Online,2022-04-18,Urban,46-55,
C01083,Individual,Standard,Referral,2022-06-01,Suburban,56-65,
C01084,Individual,New,Online,2025-09-29,Urban,36-45,
C01085,Individual,Standard,Referral,2022-10-25,Urban,36-45,
C01086,Corporate,Standard,Online,2024-08-25,Suburban,,Large (51-200)
C01087,Individual,Premium,Referral,2024-06-10,Urban,46-55,
C01088,Individual,Budget,Walk-in,2024-06-02,Urban,26-35,
C01089,SME,Budget,Sales Team,2022-10-17,Urban,,Enterprise (200+)
C01090,Individual,Standard,Online,2024-03-22,Suburban,65+,
C01091,SME,Standard,Referral,2024-05-25,Other,,Medium (11-50)
C01092,Individual,Budget,Online,2024-03-09,Suburban,56-65,
C01093,Individual,Budget,Walk-in,2022-09-18,Suburban,36-45,
C01094,SME,Standard,Online,2024-10-09,Suburban,,Small (1-10)
C01095,Individual,New,Referral,2022-04-13,Suburban,18-25,
C01096,Individual,Budget,Online,2024-04-07,Urban,26-35,
C01097,Individual,New,Online,2023-09-03,Urban,18-25,
C01098,SME,New,Online,2022-12-17,Suburban,,Small (1-10)
C01099,SME,New,Referral,2025-02-04,Suburban,,Medium (11-50)
C01100,Individual,Budget,Sales Team,2022-09-04,Urban,46-55,
C01101,Individual,Budget,Referral,2025-07-30,Suburban,56-65,
C01102,Corporate,Standard,Referral,2025-05-23,Suburban,,Medium (11-50)
C01103,Individual,Standard,Referral,2023-05-20,Urban,26-35,
C01104,Individual,Budget,Online,2023-03-04,Urban,65+,
C01105,Individual,Standard,Online,2022-07-12,Urban,65+,
C01106,Individual,New,Online,2025-07-06,Urban,65+,
C01107,SME,Premium,Online,2024-05-28,Urban,,Enterprise (200+)
C01108,SME,Standard,Walk-in,2022-02-14,Urban,,Enterprise (200+)
C01109,SME,Standard,Online,2023-12-17,Urban,,Enterprise (200+)
C01110,Individual,Standard,Sales Team,2022-05-01,Urban,65+,
C01111,Individual,Premium,Online,2024-03-14,Suburban,18-25,
C01112,Individual,Standard,Referral,2023-12-14,Suburban,18-25,
C01113,Individual,Budget,Sales Team,2022-04-26,Urban,46-55,
C01114,Individual,Standard,Walk-in,2025-02-16,Urban,18-25,
C01115,Individual,Premium,Online,2023-01-03,Urban,36-45,
C01116,Individual,Premium,Walk-in,2024-01-29,Urban,18-25,
C01117,Individual,Standard,Online,2024-06-13,Urban,36-45,
C01118,SME,Standard,Online,2025-09-09,Urban,,Medium (11-50)
C01119,Individual,Budget,Walk-in,2023-11-23,Urban,18-25,
C01120,Individual,Budget,Walk-in,2025-07-08,Other,65+,
C01121,SME,Standard,Online,2023-05-12,Urban,,Medium (11-50)
C01122,SME,Standard,Walk-in,2025-04-15,Suburban,,Medium (11-50)
C01123,SME,Standard,Online,2022-11-27,Urban,,Small (1-10)
C01124,Individual,Standard,Referral,2024-09-17,Urban,26-35,
C01125,SME,New,Sales Team,2022-05-05,Other,,Small (1-10)
C01126,Individual,Standard,Online,2025-10-12,Urban,65+,
C01127,Individual,New,Online,2025-08-28,Suburban,26-35,
C01128,Individual,Standard,Online,2023-09-12,Other,36-45,
C01129,Individual,Standard,Online,2024-01-04,Suburban,18-25,
C01130,Individual,Standard,Online,2024-04-16,Urban,18-25,
C01131,Individual,Standard,Sales Team,2023-01-21,Urban,26-35,
C01132,SME,New,Walk-in,2024-08-02,Urban,,Enterprise (200+)
C01133,Individual,Premium,Walk-in,2024-09-04,Urban,36-45,
C01134,Individual,New,Online,2024-01-06,Urban,46-55,
C01135,Individual,New,Online,2022-07-26,Suburban,65+,
C01136,Individual,Standard,Referral,2025-07-10,Suburban,26-35,
C01137,Individual,Standard,Online,2022-06-11,Urban,18-25,
C01138,Individual,Standard,Referral,2024-05-30,Urban,18-25,
C01139,Individual,Standard,Walk-in,2022-05-25,Suburban,46-55,
C01140,SME,Budget,Sales Team,2022-07-24,Other,,Small (1-10)
C01141,Corporate,Standard,Online,2022-01-29,Urban,,Large (51-200)
C01142,Individual,New,Online,2023-05-24,Urban,26-35,
C01143,Individual,Budget,Walk-in,2024-06-14,Suburban,26-35,
C01144,SME,Standard,Referral,2024-01-01,Suburban,,Medium (11-50)
C01145,Corporate,Budget,Sales Team,2024-08-02,Other,,Large (51-200)
C01146,Individual,Standard,Online,2024-08-03,Urban,26-35,
C01147,SME,New,Referral,2022-07-16,Urban,,Large (51-200)
C01148,Corporate,Standard,Referral,2022-03-22,Urban,,Medium (11-50)
C01149,SME,New,Sales Team,2024-05-25,Urban,,Enterprise (200+)
C01150,Individual,Budget,Online,2024-07-03,Suburban,65+,
C01151,Individual,New,Walk-in,2024-02-19,Urban,36-45,
C01152,Individual,Standard,Referral,2022-12-11,Suburban,56-65,
C01153,Individual,Budget,Referral,2025-02-09,Other,26-35,
C01154,Individual,Standard,Sales Team,2022-04-16,Other,18-25,
C01155,Individual,Budget,Referral,2024-06-04,Suburban,46-55,
C01156,Individual,Premium,Referral,2022-06-18,Other,18-25,
C01157,Individual,Standard,Online,2024-07-05,Urban,36-45,
C01158,SME,Standard,Sales Team,2023-08-08,Urban,,Medium (11-50)
C01159,Individual,Standard,Online,2024-10-02,Urban,56-65,
C01160,Individual,Standard,Referral,2022-03-15,Other,18-25,
C01161,SME,Budget,Sales Team,2024-02-17,Other,,Large (51-200)
C01162,SME,Standard,Walk-in,2022-07-22,Urban,,Small (1-10)
C01163,Corporate,Budget,Sales Team,2024-08-13,Urban,,Medium (11-50)
C01164,SME,Premium,Walk-in,2022-06-17,Urban,,Large (51-200)
C01165,SME,Budget,Walk-in,2022-04-14,Urban,,Small (1-10)
C01166,Individual,Budget,Online,2024-09-25,Suburban,26-35,
C01167,Individual,Standard,Online,2022-03-30,Urban,65+,
C01168,Individual,Budget,Walk-in,2022-11-11,Suburban,46-55,
C01169,Individual,New,Walk-in,2025-02-28,Suburban,65+,
C01170,Corporate,Budget,Sales Team,2025-02-07,Urban,,Medium (11-50)
C01171,Individual,Standard,Online,2025-04-10,Urban,18-25,
C01172,Individual,Standard,Online,2023-04-02,Other,26-35,
C01173,Individual,Budget,Online,2024-01-10,Suburban,65+,
C01174,Individual,Standard,Walk-in,2024-12-18,Urban,65+,
C01175,Individual,Budget,Online,2022-07-11,Urban,56-65,
C01176,Individual,Standard,Walk-in,2024-10-11,Other,36-45,
C01177,Corporate,Budget,Online,2022-05-17,Suburban,,Small (1-10)
C01178,Individual,Premium,Referral,2025-07-02,Suburban,26-35,
C01179,SME,Premium,Online,2024-06-11,Suburban,,Enterprise (200+)
C01180,Individual,New,Walk-in,2023-11-22,Suburban,26-35,
C01181,Individual,New,Sales Team,2023-11-10,Urban,26-35,
C01182,Individual,New,Online,2022-09-11,Suburban,56-65,
C01183,SME,New,Online,2023-04-30,Urban,,Large (51-200)
C01184,Individual,Standard,Online,2024-10-14,Suburban,46-55,
C01185,Corporate,Standard,Online,2024-01-28,Other,,Small (1-10)
C01186,Individual,Premium,Referral,2024-01-12,Other,56-65,
C01187,Individual,Standard,Sales Team,2022-10-01,Urban,26-35,
C01188,SME,Standard,Sales Team,2024-08-24,Suburban,,Enterprise (200+)
C01189,Individual,New,Online,2023-07-03,Suburban,56-65,
C01190,Individual,Premium,Online,2022-09-13,Other,46-55,
C01191,Corporate,Premium,Referral,2025-08-14,Suburban,,Medium (11-50)
C01192,Individual,Standard,Online,2023-12-11,Urban,18-25,
C01193,Individual,Standard,Online,2024-01-10,Urban,46-55,
C01194,Individual,Standard,Walk-in,2025-10-05,Suburban,26-35,
C01195,Individual,Budget,Referral,2023-05-28,Suburban,46-55,
C01196,SME,Standard,Walk-in,2025-08-13,Suburban,,Small (1-10)
C01197,SME,Budget,Online,2024-08-30,Suburban,,Enterprise (200+)
C01198,Individual,New,Walk-in,2024-06-05,Urban,36-45,
C01199,SME,Budget,Walk-in,2022-11-25,Urban,,Medium (11-50)
C01200,Individual,Budget,Online,2022-03-14,Suburban,18-25,
C01201,Individual,Standard,Online,2023-09-05,Urban,18-25,
C01202,Individual,Standard,Walk-in,2022-01-15,Suburban,56-65,
C01203,Corporate,Standard,Walk-in,2022-04-10,Suburban,,Small (1-10)
C01204,Individual,New,Referral,2024-04-13,Suburban,65+,
C01205,Individual,Budget,Online,2024-10-11,Urban,18-25,
C01206,Individual,Standard,Online,2022-08-24,Suburban,56-65,
C01207,SME,Standard,Walk-in,2024-10-22,Urban,,Medium (11-50)
C01208,Individual,Budget,Walk-in,2025-08-22,Urban,65+,
C01209,Individual,Budget,Referral,2024-11-06,Urban,56-65,
C01210,SME,Standard,Walk-in,2025-01-03,Urban,,Small (1-10)
C01211,Individual,New,Walk-in,2024-09-07,Other,65+,
C01212,Individual,Budget,Walk-in,2022-11-11,Other,18-25,
C01213,Individual,Budget,Referral,2023-05-21,Urban,26-35,
C01214,Individual,Standard,Online,2025-08-21,Suburban,36-45,
C01215,Individual,Premium,Online,2024-07-14,Urban,65+,
C01216,SME,New,Referral,2025-01-09,Suburban,,Large (51-200)
C01217,Individual,Standard,Online,2025-09-18,Suburban,56-65,
C01218,Individual,Standard,Referral,2022-11-21,Suburban,56-65,
C01219,Corporate,Standard,Referral,2023-03-27,Urban,,Medium (11-50)
C01220,Individual,Premium,Walk-in,2024-06-21,Urban,26-35,
C01221,Individual,Budget,Online,2022-02-04,Urban,65+,
C01222,Corporate,Standard,Walk-in,2024-03-10,Other,,Large (51-200)
C01223,Individual,Budget,Referral,2025-02-06,Suburban,46-55,
C01224,SME,Standard,Online,2024-05-04,Urban,,Enterprise (200+)
C01225,SME,Standard,Online,2023-02-18,Urban,,Enterprise (200+)
C01226,Individual,Premium,Walk-in,2024-10-10,Other,26-35,
C01227,Individual,Budget,Walk-in,2022-07-24,Urban,65+,
C01228,Individual,Standard,Online,2025-06-06,Suburban,65+,
C01229,Individual,Premium,Walk-in,2022-05-22,Suburban,65+,
C01230,Individual,Budget,Online,2025-04-23,Urban,56-65,
C01231,Individual,Standard,Online,2023-11-28,Urban,46-55,
C01232,SME,Standard,Referral,2023-08-24,Urban,,Small (1-10)
C01233,Corporate,Standard,Online,2023-12-02,Urban,,Small (1-10)
C01234,SME,New,Referral,2022-10-08,Suburban,,Small (1-10)
C01235,Individual,Standard,Sales Team,2023-10-03,Suburban,18-25,
C01236,Individual,Standard,Online,2025-04-04,Urban,65+,
C01237,Individual,Standard,Online,2025-01-26,Urban,26-35,
C01238,Individual,Standard,Online,2022-08-17,Urban,46-55,
C01239,Corporate,Standard,Online,2024-07-31,Urban,,Small (1-10)
C01240,Individual,Premium,Online,2025-04-14,Suburban,36-45,
C01241,Individual,Standard,Sales Team,2025-02-21,Suburban,18-25,
C01242,SME,Standard,Walk-in,2023-08-19,Suburban,,Medium (11-50)
C01243,Individual,New,Referral,2022-03-09,Urban,56-65,
C01244,Individual,Premium,Walk-in,2025-07-27,Suburban,46-55,
C01245,Individual,Standard,Online,2023-07-09,Urban,46-55,
C01246,Individual,New,Referral,2023-05-21,Other,36-45,
C01247,SME,New,Online,2024-11-29,Suburban,,Large (51-200)
C01248,Individual,Budget,Referral,2023-01-05,Other,36-45,
C01249,Corporate,Standard,Online,2025-03-14,Urban,,Large (51-200)
C01250,SME,Standard,Walk-in,2022-04-17,Urban,,Enterprise (200+)
C01251,SME,Standard,Online,2024-11-02,Suburban,,Medium (11-50)
C01252,Individual,Premium,Sales Team,2025-09-14,Urban,65+,
C01253,Individual,Standard,Walk-in,2025-10-26,Suburban,36-45,
C01254,SME,Standard,Walk-in,2025-07-17,Urban,,Enterprise (200+)
C01255,Individual,Standard,Walk-in,2025-05-04,Other,46-55,
C01256,Individual,Budget,Sales Team,2023-01-26,Urban,26-35,
C01257,SME,Standard,Online,2025-09-15,Other,,Large (51-200)
C01258,Individual,Standard,Online,2025-07-23,Urban,46-55,
C01259,SME,Budget,Online,2024-01-19,Urban,,Small (1-10)
C01260,Corporate,New,Sales Team,2023-07-17,Urban,,Large (51-200)
C01261,SME,Standard,Referral,2022-06-02,Urban,,Small (1-10)
C01262,Individual,Standard,Online,2024-04-06,Other,26-35,
C01263,SME,Standard,Walk-in,2024-09-07,Other,,Medium (11-50)
C01264,Individual,Premium,Online,2023-07-20,Other,18-25,
C01265,SME,Budget,Sales Team,2023-07-23,Other,,Large (51-200)
C01266,SME,Standard,Online,2024-03-13,Suburban,,Medium (11-50)
C01267,SME,Standard,Referral,2022-02-08,Urban,,Enterprise (200+)
C01268,Individual,Standard,Online,2025-09-03,Suburban,65+,
C01269,Individual,Standard,Online,2023-02-10,Urban,46-55,
C01270,Individual,Premium,Referral,2022-07-17,Suburban,65+,
C01271,Individual,Standard,Referral,2022-01-08,Urban,36-45,
C01272,Individual,New,Referral,2025-04-14,Suburban,56-65,
C01273,Individual,Budget,Walk-in,2025-04-23,Urban,36-45,
C01274,Individual,Standard,Sales Team,2022-05-14,Urban,18-25,
C01275,SME,Premium,Online,2022-08-02,Urban,,Small (1-10)
C01276,Corporate,Budget,Referral,2023-09-20,Urban,,Small (1-10)
C01277,Individual,Premium,Online,2022-09-17,Urban,36-45,
C01278,SME,Standard,Sales Team,2024-10-27,Urban,,Large (51-200)
C01279,Individual,Budget,Walk-in,2022-03-23,Urban,65+,
C01280,Individual,Standard,Online,2024-02-09,Suburban,36-45,
C01281,Individual,Standard,Referral,2023-06-20,Urban,65+,
C01282,SME,Premium,Sales Team,2023-10-13,Suburban,,Small (1-10)
C01283,Corporate,Premium,Sales Team,2023-08-18,Urban,,Small (1-10)
C01284,SME,Standard,Referral,2022-08-03,Suburban,,Medium (11-50)
C01285,Corporate,New,Walk-in,2022-11-05,Urban,,Medium (11-50)
C01286,Corporate,Standard,Referral,2022-04-01,Urban,,Large (51-200)
C01287,Individual,Standard,Referral,2022-06-11,Suburban,26-35,
C01288,Individual,Budget,Walk-in,2025-10-01,Suburban,18-25,
C01289,Individual,Premium,Online,2023-01-27,Urban,46-55,
C01290,Corporate,Standard,Online,2023-03-06,Urban,,Medium (11-50)
C01291,Individual,Standard,Sales Team,2022-06-27,Urban,36-45,
C01292,Individual,Budget,Walk-in,2024-11-23,Urban,46-55,
C01293,SME,Standard,Referral,2025-07-17,Urban,,Large (51-200)
C01294,Individual,Budget,Walk-in,2025-01-10,Suburban,36-45,
C01295,SME,New,Walk-in,2024-05-07,Urban,,Large (51-200)
C01296,Individual,Budget,Online,2025-02-12,Suburban,46-55,
C01297,Corporate,New,Sales Team,2023-07-20,Urban,,Small (1-10)
C01298,SME,Budget,Walk-in,2025-04-18,Urban,,Medium (11-50)
C01299,Individual,New,Referral,2025-01-22,Urban,56-65,
C01300,SME,Budget,Referral,2022-01-03,Urban,,Large (51-200)
C01301,Individual,Budget,Walk-in,2023-11-14,Urban,26-35,
C01302,Individual,Budget,Sales Team,2023-01-06,Suburban,46-55,
C01303,Individual,New,Referral,2022-05-01,Suburban,46-55,
C01304,SME,Standard,Referral,2025-03-30,Urban,,Small (1-10)
C01305,Individual,Budget,Walk-in,2022-01-12,Urban,18-25,
C01306,Individual,Standard,Referral,2024-10-19,Suburban,65+,
C01307,SME,New,Referral,2025-10-15,Urban,,Small (1-10)
C01308,Individual,Standard,Sales Team,2023-11-06,Urban,18-25,
C01309,Individual,Budget,Walk-in,2023-06-04,Suburban,26-35,
C01310,Individual,Budget,Sales Team,2024-04-28,Urban,65+,
C01311,Individual,New,Walk-in,2025-01-31,Urban,18-25,
C01312,SME,Standard,Online,2022-12-03,Urban,,Medium (11-50)
C01313,Individual,Budget,Sales Team,2022-12-17,Suburban,36-45,
C01314,Individual,Budget,Online,2024-04-30,Urban,56-65,
C01315,Corporate,New,Online,2025-08-08,Suburban,,Large (51-200)
C01316,Individual,New,Sales Team,2023-02-22,Urban,26-35,
C01317,SME,Standard,Walk-in,2023-06-12,Urban,,Enterprise (200+)
C01318,Individual,Standard,Sales Team,2025-10-22,Urban,36-45,
C01319,SME,Standard,Referral,2022-09-04,Suburban,,Small (1-10)
C01320,SME,New,Sales Team,2022-04-18,Urban,,Large (51-200)
C01321,SME,Standard,Walk-in,2024-04-05,Suburban,,Large (51-200)
C01322,Individual,Budget,Walk-in,2022-02-03,Urban,36-45,
C01323,Individual,Budget,Sales Team,2022-09-10,Urban,36-45,
C01324,SME,Standard,Online,2024-05-21,Urban,,Medium (11-50)
C01325,Individual,Standard,Walk-in,2024-07-12,Urban,26-35,
C01326,Individual,Standard,Walk-in,2023-12-16,Urban,36-45,
C01327,Individual,New,Walk-in,2023-06-22,Suburban,18-25,
C01328,Corporate,Standard,Sales Team,2024-03-17,Other,,Enterprise (200+)
C01329,SME,Premium,Walk-in,2024-06-19,Suburban,,Large (51-200)
C01330,Individual,Budget,Referral,2025-01-29,Suburban,18-25,
C01331,SME,Standard,Referral,2025-01-14,Urban,,Small (1-10)
C01332,Individual,New,Sales Team,2024-07-19,Suburban,65+,
C01333,Individual,Standard,Sales Team,2025-06-05,Urban,36-45,
C01334,Individual,Standard,Sales Team,2025-03-19,Suburban,46-55,
C01335,Individual,Premium,Referral,2022-07-06,Suburban,26-35,
C01336,Individual,Standard,Online,2025-09-01,Urban,65+,
C01337,SME,Standard,Walk-in,2025-06-02,Other,,Medium (11-50)
C01338,SME,Budget,Walk-in,2023-03-26,Suburban,,Enterprise (200+)
C01339,Individual,Standard,Referral,2022-01-29,Urban,65+,
C01340,Individual,Standard,Walk-in,2024-04-25,Other,46-55,
C01341,Individual,Standard,Referral,2023-09-06,Urban,65+,
C01342,Corporate,Standard,Online,2024-11-15,Urban,,Small (1-10)
C01343,Corporate,New,Online,2024-01-05,Urban,,Enterprise (200+)
C01344,Corporate,Standard,Referral,2022-04-18,Suburban,,Large (51-200)
C01345,Individual,New,Referral,2022-12-09,Urban,46-55,
C01346,Individual,Standard,Sales Team,2025-05-20,Other,36-45,
C01347,Individual,Premium,Walk-in,2022-02-22,Urban,18-25,
C01348,Individual,Standard,Sales Team,2024-10-28,Urban,65+,
C01349,Individual,Premium,Online,2023-02-13,Suburban,65+,
C01350,Individual,Budget,Online,2023-09-26,Urban,18-25,
C01351,Corporate,Standard,Online,2024-01-14,Suburban,,Enterprise (200+)
C01352,Individual,Standard,Walk-in,2022-12-17,Urban,65+,
C01353,Individual,Budget,Online,2024-07-01,Other,36-45,
C01354,SME,Budget,Walk-in,2024-08-28,Suburban,,Medium (11-50)
C01355,Individual,New,Walk-in,2022-04-30,Urban,65+,
C01356,SME,New,Sales Team,2023-06-08,Urban,,Large (51-200)
C01357,Individual,Budget,Online,2024-11-08,Urban,18-25,
C01358,SME,Budget,Online,2024-10-07,Other,,Medium (11-50)
C01359,Individual,Budget,Online,2024-02-02,Suburban,36-45,
C01360,Individual,Standard,Referral,2024-12-24,Urban,26-35,
C01361,SME,Budget,Walk-in,2022-05-31,Urban,,Medium (11-50)
C01362,Individual,Premium,Online,2022-06-15,Suburban,26-35,
C01363,Individual,Budget,Walk-in,2024-07-09,Urban,56-65,
C01364,Individual,New,Referral,2024-08-28,Suburban,26-35,
C01365,Individual,Premium,Sales Team,2025-02-14,Suburban,36-45,
C01366,SME,Budget,Sales Team,2022-09-11,Urban,,Enterprise (200+)
C01367,Individual,New,Online,2023-12-25,Urban,36-45,
C01368,Individual,Standard,Sales Team,2024-07-14,Urban,56-65,
C01369,Individual,Standard,Online,2022-11-10,Urban,18-25,
C01370,SME,New,Walk-in,2023-12-25,Other,,Small (1-10)
C01371,Individual,New,Sales Team,2024-06-12,Suburban,36-45,
C01372,Individual,Premium,Walk-in,2022-10-28,Suburban,46-55,
C01373,SME,Standard,Walk-in,2023-06-10,Urban,,Medium (11-50)
C01374,Individual,Budget,Online,2022-10-30,Urban,56-65,
C01375,SME,Standard,Walk-in,2025-06-18,Suburban,,Large (51-200)
C01376,Individual,Standard,Walk-in,2022-11-28,Urban,65+,
C01377,Individual,Premium,Referral,2022-06-19,Urban,26-35,
C01378,Individual,Standard,Referral,2022-02-19,Urban,65+,
C01379,Corporate,Standard,Walk-in,2022-03-04,Suburban,,Large (51-200)
C01380,Individual,Budget,Walk-in,2022-09-26,Suburban,26-35,
C01381,Individual,Budget,Online,2024-05-01,Urban,56-65,
C01382,Individual,Budget,Sales Team,2022-01-25,Suburban,18-25,
C01383,Individual,Standard,Walk-in,2023-02-06,Urban,65+,
C01384,Individual,Standard,Online,2022-03-23,Urban,26-35,
C01385,Individual,Premium,Online,2023-07-20,Urban,26-35,
C01386,Individual,Standard,Walk-in,2022-03-10,Suburban,46-55,
C01387,Individual,Standard,Walk-in,2024-04-30,Urban,26-35,
C01388,Individual,Standard,Online,2024-08-21,Urban,18-25,
C01389,Individual,Premium,Online,2024-10-20,Urban,26-35,
C01390,Individual,Standard,Walk-in,2022-11-11,Suburban,26-35,
C01391,Individual,Budget,Walk-in,2025-04-30,Suburban,46-55,
C01392,Individual,Budget,Walk-in,2024-08-24,Urban,26-35,
C01393,Individual,New,Referral,2022-03-21,Other,18-25,
C01394,Individual,Budget,Walk-in,2023-09-10,Urban,26-35,
C01395,Individual,Standard,Online,2024-12-10,Urban,56-65,
C01396,Individual,Premium,Referral,2023-03-12,Suburban,36-45,
C01397,SME,Standard,Walk-in,2023-06-19,Suburban,,Large (51-200)
C01398,Individual,Premium,Walk-in,2024-05-31,Urban,46-55,
C01399,SME,Standard,Online,2022-03-19,Suburban,,Medium (11-50)
C01400,Individual,Standard,Walk-in,2025-09-15,Urban,36-45,
C01401,SME,Standard,Online,2022-09-02,Suburban,,Small (1-10)
C01402,Individual,Standard,Online,2022-02-07,Suburban,56-65,
C01403,Individual,Budget,Online,2022-01-08,Other,46-55,
C01404,Individual,Budget,Online,2023-07-14,Urban,18-25,
C01405,Corporate,Budget,Walk-in,2025-05-22,Suburban,,Large (51-200)
C01406,Individual,Budget,Walk-in,2025-02-21,Suburban,65+,
C01407,Individual,Standard,Walk-in,2025-06-30,Urban,56-65,
C01408,Individual,Premium,Referral,2024-01-18,Urban,56-65,
C01409,SME,Budget,Online,2023-09-21,Other,,Small (1-10)
C01410,Individual,Standard,Referral,2023-06-25,Urban,36-45,
C01411,Individual,Standard,Walk-in,2022-03-06,Suburban,65+,
C01412,Individual,Standard,Online,2025-06-27,Urban,36-45,
C01413,Corporate,New,Online,2023-11-26,Suburban,,Enterprise (200+)
C01414,Individual,Budget,Walk-in,2023-09-30,Urban,56-65,
C01415,Individual,Standard,Walk-in,2023-12-23,Other,26-35,
C01416,Corporate,Budget,Online,2025-01-16,Suburban,,Small (1-10)
C01417,Individual,Standard,Online,2022-11-11,Urban,56-65,
C01418,Individual,Standard,Walk-in,2024-09-20,Suburban,65+,
C01419,Individual,Standard,Online,2024-09-22,Suburban,18-25,
C01420,Individual,Standard,Referral,2025-04-04,Urban,36-45,
C01421,Individual,Budget,Sales Team,2022-01-13,Urban,46-55,
C01422,Individual,Premium,Online,2022-08-27,Suburban,36-45,
C01423,SME,Budget,Online,2023-10-22,Suburban,,Small (1-10)
C01424,SME,Standard,Referral,2025-04-05,Urban,,Large (51-200)
C01425,Individual,Budget,Online,2025-09-13,Suburban,36-45,
C01426,Individual,Budget,Online,2024-04-12,Urban,56-65,
C01427,Individual,Budget,Online,2022-10-24,Urban,65+,
C01428,Corporate,Budget,Online,2022-09-16,Suburban,,Enterprise (200+)
C01429,Individual,New,Online,2024-06-14,Urban,46-55,
C01430,Individual,Standard,Sales Team,2022-10-22,Urban,46-55,
C01431,Individual,Budget,Sales Team,2024-02-14,Urban,65+,
C01432,Individual,Budget,Online,2025-03-14,Urban,36-45,
C01433,Individual,Standard,Referral,2023-06-30,Urban,36-45,
C01434,SME,Standard,Walk-in,2023-06-14,Suburban,,Small (1-10)
C01435,Individual,Standard,Sales Team,2022-02-20,Urban,56-65,
C01436,Corporate,Standard,Sales Team,2022-12-22,Suburban,,Medium (11-50)
C01437,Individual,Standard,Referral,2024-09-04,Suburban,46-55,
C01438,SME,Standard,Online,2023-05-20,Urban,,Enterprise (200+)
C01439,SME,Budget,Referral,2022-08-10,Urban,,Medium (11-50)
C01440,Corporate,Standard,Walk-in,2022-05-29,Suburban,,Large (51-200)
C01441,Individual,Budget,Online,2022-05-14,Urban,65+,
C01442,Individual,Standard,Online,2024-07-11,Urban,26-35,
C01443,Individual,Budget,Online,2024-05-07,Suburban,36-45,
C01444,Individual,Premium,Online,2023-12-27,Suburban,26-35,
C01445,Individual,Standard,Walk-in,2023-12-02,Suburban,18-25,
C01446,Corporate,Premium,Referral,2022-08-03,Urban,,Large (51-200)
C01447,Corporate,Budget,Walk-in,2023-12-02,Urban,,Medium (11-50)
C01448,Individual,Standard,Walk-in,2022-03-25,Urban,36-45,
C01449,Individual,New,Walk-in,2025-07-20,Suburban,56-65,
C01450,SME,Standard,Online,2022-03-23,Urban,,Enterprise (200+)
C01451,Corporate,Standard,Walk-in,2023-08-16,Urban,,Large (51-200)
C01452,Individual,Standard,Walk-in,2022-01-01,Urban,26-35,
C01453,Individual,Budget,Referral,2025-01-05,Suburban,26-35,
C01454,SME,Standard,Referral,2022-08-21,Suburban,,Small (1-10)
C01455,Individual,Standard,Walk-in,2025-07-18,Urban,56-65,
C01456,Individual,Standard,Online,2022-03-03,Urban,65+,
C01457,Corporate,Premium,Referral,2025-02-23,Urban,,Medium (11-50)
C01458,Corporate,Premium,Referral,2024-07-08,Urban,,Medium (11-50)
C01459,Corporate,New,Referral,2022-12-16,Urban,,Large (51-200)
C01460,SME,Standard,Online,2022-10-11,Urban,,Medium (11-50)
C01461,Individual,Premium,Walk-in,2023-05-16,Suburban,18-25,
C01462,Individual,New,Referral,2025-03-05,Suburban,56-65,
C01463,Individual,Premium,Walk-in,2025-04-21,Other,46-55,
C01464,Individual,Standard,Online,2022-09-03,Other,26-35,
C01465,Individual,Budget,Online,2023-05-10,Urban,65+,
C01466,Individual,New,Online,2022-11-29,Urban,56-65,
C01467,Individual,Budget,Walk-in,2022-06-21,Urban,65+,
C01468,SME,Standard,Sales Team,2024-06-24,Suburban,,Medium (11-50)
C01469,Individual,New,Online,2023-04-30,Urban,36-45,
C01470,Individual,Premium,Referral,2022-11-12,Urban,46-55,
C01471,Individual,New,Online,2025-04-27,Urban,26-35,
C01472,Individual,Budget,Referral,2024-11-13,Urban,46-55,
C01473,SME,New,Walk-in,2024-12-19,Suburban,,Enterprise (200+)
C01474,Individual,Standard,Referral,2022-02-24,Suburban,18-25,
C01475,Individual,Premium,Sales Team,2025-07-05,Urban,18-25,
C01476,SME,Budget,Online,2024-03-15,Other,,Enterprise (200+)
C01477,Individual,Standard,Online,2023-12-07,Urban,18-25,
C01478,Individual,Standard,Walk-in,2022-01-15,Urban,56-65,
C01479,Individual,New,Referral,2025-06-10,Urban,36-45,
C01480,Individual,Budget,Walk-in,2024-02-01,Suburban,65+,
C01481,Individual,Standard,Referral,2025-03-01,Suburban,46-55,
C01482,Individual,Standard,Walk-in,2024-07-06,Urban,65+,
C01483,Individual,Premium,Online,2025-01-20,Other,36-45,
C01484,Individual,Standard,Referral,2024-08-28,Urban,26-35,
C01485,Individual,Premium,Walk-in,2025-07-13,Urban,18-25,
C01486,Individual,Budget,Referral,2022-11-12,Suburban,36-45,
C01487,SME,Budget,Referral,2022-10-10,Other,,Large (51-200)
C01488,Individual,Standard,Walk-in,2024-09-24,Suburban,65+,
C01489,Individual,Standard,Online,2023-12-03,Other,46-55,
C01490,Individual,Budget,Sales Team,2024-04-18,Urban,18-25,
C01491,Individual,Budget,Walk-in,2024-09-18,Suburban,18-25,
C01492,Individual,New,Walk-in,2024-02-06,Suburban,65+,
C01493,SME,Standard,Online,2025-01-07,Urban,,Large (51-200)
C01494,SME,Budget,Referral,2023-03-23,Urban,,Enterprise (200+)
C01495,Individual,Standard,Sales Team,2025-04-17,Other,36-45,
C01496,Individual,Standard,Referral,2022-05-31,Urban,46-55,
C01497,Corporate,New,Online,2024-06-06,Urban,,Enterprise (200+)
C01498,Individual,Standard,Online,2025-05-31,Suburban,26-35,
C01499,Individual,Standard,Online,2022-12-20,Other,65+,
C01500,Individual,Standard,Online,2023-04-03,Other,36-45,
C01501,Individual,Standard,Walk-in,2023-03-04,Suburban,36-45,
C01502,SME,Standard,Walk-in,2024-02-29,Urban,,Medium (11-50)
C01503,Individual,Budget,Sales Team,2023-08-02,Other,36-45,
C01504,Corporate,Standard,Online,2022-06-01,Urban,,Enterprise (200+)
C01505,Individual,Standard,Online,2025-06-01,Suburban,36-45,
C01506,Individual,New,Referral,2022-10-14,Urban,46-55,
C01507,Individual,Standard,Walk-in,2024-01-18,Suburban,46-55,
C01508,Individual,New,Online,2024-04-12,Suburban,56-65,
C01509,Individual,Standard,Online,2022-02-27,Suburban,18-25,
C01510,Individual,Standard,Referral,2022-05-14,Urban,18-25,
C01511,Individual,Standard,Walk-in,2025-09-22,Urban,56-65,
C01512,SME,Budget,Walk-in,2024-07-19,Urban,,Large (51-200)
C01513,Individual,Premium,Sales Team,2022-02-16,Urban,26-35,
C01514,Individual,New,Referral,2025-01-16,Suburban,36-45,
C01515,Individual,Standard,Sales Team,2023-12-13,Urban,56-65,
C01516,Individual,Standard,Online,2022-04-16,Suburban,56-65,
C01517,SME,Standard,Online,2024-08-11,Urban,,Medium (11-50)
C01518,SME,Premium,Online,2023-12-01,Urban,,Small (1-10)
C01519,SME,Standard,Online,2022-10-14,Suburban,,Small (1-10)
C01520,Individual,Standard,Online,2025-05-13,Urban,18-25,
C01521,Individual,Standard,Online,2023-02-12,Urban,18-25,
C01522,Individual,Budget,Online,2023-02-03,Urban,18-25,
C01523,Individual,Standard,Walk-in,2023-01-17,Urban,56-65,
C01524,Individual,Premium,Walk-in,2024-12-10,Suburban,36-45,
C01525,Individual,Premium,Walk-in,2024-09-15,Urban,46-55,
C01526,Individual,Standard,Online,2025-06-18,Urban,56-65,
C01527,Individual,Standard,Referral,2022-11-18,Suburban,46-55,
C01528,Individual,Budget,Walk-in,2025-01-05,Urban,26-35,
C01529,SME,Standard,Referral,2024-03-13,Suburban,,Medium (11-50)
C01530,Corporate,New,Online,2023-03-09,Urban,,Small (1-10)
C01531,Individual,Standard,Referral,2022-02-19,Other,56-65,
C01532,Corporate,Premium,Walk-in,2025-02-20,Urban,,Large (51-200)
C01533,Individual,New,Online,2022-12-04,Urban,18-25,
C01534,Corporate,Standard,Walk-in,2024-06-03,Other,,Small (1-10)
C01535,Corporate,Standard,Online,2024-02-08,Suburban,,Enterprise (200+)
C01536,Individual,New,Online,2022-01-07,Suburban,46-55,
C01537,SME,New,Online,2025-10-24,Suburban,,Medium (11-50)
C01538,Corporate,Budget,Referral,2025-02-14,Urban,,Enterprise (200+)
C01539,Corporate,Premium,Online,2023-11-13,Suburban,,Medium (11-50)
C01540,Corporate,Standard,Walk-in,2024-08-10,Suburban,,Large (51-200)
C01541,Individual,New,Online,2023-10-30,Urban,26-35,
C01542,Individual,New,Referral,2024-11-08,Urban,26-35,
C01543,SME,Premium,Walk-in,2022-07-08,Urban,,Small (1-10)
C01544,Individual,Standard,Online,2023-09-17,Other,18-25,
C01545,Individual,Standard,Referral,2023-04-15,Urban,26-35,
C01546,Individual,Premium,Referral,2023-10-06,Urban,56-65,
C01547,Individual,Budget,Online,2023-09-23,Suburban,46-55,
C01548,Individual,Standard,Online,2022-07-20,Suburban,18-25,
C01549,SME,Standard,Walk-in,2025-09-29,Urban,,Large (51-200)
C01550,Individual,Premium,Online,2022-01-22,Suburban,46-55,
C01551,SME,Standard,Walk-in,2022-01-15,Urban,,Small (1-10)
C01552,SME,Standard,Online,2023-06-07,Suburban,,Large (51-200)
C01553,Individual,Standard,Walk-in,2024-05-18,Urban,56-65,
C01554,Individual,Premium,Walk-in,2022-09-09,Urban,26-35,
C01555,Individual,New,Online,2024-01-17,Suburban,65+,
C01556,Corporate,Premium,Referral,2024-10-08,Urban,,Large (51-200)
C01557,SME,Standard,Online,2022-05-12,Urban,,Enterprise (200+)
C01558,Individual,Standard,Sales Team,2025-10-10,Urban,46-55,
C01559,Individual,Premium,Sales Team,2023-04-17,Suburban,46-55,
C01560,Individual,Standard,Online,2024-06-18,Suburban,65+,
C01561,Individual,Premium,Walk-in,2022-06-05,Suburban,46-55,
C01562,Corporate,Premium,Online,2024-09-20,Other,,Medium (11-50)
C01563,SME,Standard,Referral,2025-03-22,Other,,Small (1-10)
C01564,Individual,Budget,Walk-in,2022-05-28,Urban,56-65,
C01565,SME,Premium,Online,2022-06-26,Urban,,Medium (11-50)
C01566,Individual,Standard,Online,2023-01-29,Suburban,56-65,
C01567,SME,Standard,Walk-in,2022-01-17,Other,,Medium (11-50)
C01568,Individual,Standard,Online,2025-10-12,Other,36-45,
C01569,Individual,Standard,Walk-in,2024-04-17,Suburban,65+,
C01570,Corporate,Premium,Online,2024-04-30,Urban,,Enterprise (200+)
C01571,Individual,Standard,Referral,2025-09-04,Other,46-55,
C01572,Individual,Standard,Online,2025-03-10,Other,46-55,
C01573,Corporate,New,Sales Team,2025-02-13,Suburban,,Large (51-200)
C01574,Individual,New,Online,2023-04-21,Suburban,46-55,
C01575,Individual,New,Referral,2023-04-14,Suburban,36-45,
C01576,Individual,Standard,Walk-in,2023-02-13,Other,36-45,
C01577,Individual,Premium,Sales Team,2023-05-01,Urban,46-55,
C01578,Individual,Standard,Sales Team,2023-06-02,Suburban,36-45,
C01579,Individual,Standard,Online,2022-07-16,Urban,36-45,
C01580,SME,Premium,Online,2023-05-14,Urban,,Enterprise (200+)
C01581,Individual,Premium,Online,2023-09-18,Urban,18-25,
C01582,Individual,Standard,Walk-in,2023-03-10,Urban,56-65,
C01583,SME,Standard,Sales Team,2022-08-20,Urban,,Small (1-10)
C01584,Individual,Standard,Walk-in,2023-06-07,Other,36-45,
C01585,SME,Budget,Online,2023-11-05,Suburban,,Small (1-10)
C01586,Individual,Standard,Referral,2024-10-06,Suburban,26-35,
C01587,Corporate,New,Online,2024-09-22,Urban,,Large (51-200)
C01588,Individual,Standard,Referral,2022-10-11,Urban,36-45,
C01589,Individual,Standard,Referral,2022-02-21,Suburban,56-65,
C01590,SME,Standard,Online,2023-03-02,Suburban,,Medium (11-50)
C01591,Individual,Standard,Walk-in,2022-08-08,Urban,36-45,
C01592,Individual,Standard,Sales Team,2023-07-09,Suburban,26-35,
C01593,Individual,Standard,Walk-in,2025-10-03,Suburban,26-35,
C01594,Individual,Budget,Sales Team,2022-09-11,Suburban,46-55,
C01595,Individual,Standard,Walk-in,2023-03-23,Other,36-45,
C01596,Individual,Standard,Walk-in,2024-10-12,Suburban,18-25,
C01597,Individual,New,Referral,2023-12-14,Suburban,18-25,
C01598,Individual,Premium,Walk-in,2022-03-03,Urban,18-25,
C01599,Individual,Standard,Referral,2022-08-15,Urban,36-45,
C01600,Individual,Standard,Referral,2025-08-02,Urban,65+,
C01601,Individual,Standard,Referral,2022-05-25,Suburban,65+,
C01602,Individual,Standard,Walk-in,2024-06-08,Suburban,46-55,
C01603,Individual,Premium,Walk-in,2025-01-14,Urban,36-45,
C01604,Individual,Budget,Sales Team,2023-01-07,Suburban,46-55,
C01605,Individual,Standard,Sales Team,2024-10-12,Urban,56-65,
C01606,Individual,Standard,Sales Team,2022-08-26,Urban,65+,
C01607,Individual,Standard,Referral,2023-02-03,Other,56-65,
C01608,Individual,New,Sales Team,2023-03-13,Urban,18-25,
C01609,Individual,Budget,Walk-in,2025-10-27,Urban,46-55,
C01610,Individual,New,Sales Team,2022-10-28,Urban,18-25,
C01611,SME,Budget,Referral,2022-06-30,Urban,,Small (1-10)
C01612,Individual,Budget,Referral,2025-07-19,Suburban,26-35,
C01613,Individual,Standard,Sales Team,2022-08-15,Other,65+,
C01614,Individual,New,Referral,2025-05-15,Suburban,26-35,
C01615,Individual,Standard,Online,2024-06-29,Suburban,46-55,
C01616,Individual,Standard,Online,2024-03-18,Urban,26-35,
C01617,Individual,Budget,Referral,2024-11-17,Suburban,65+,
C01618,Individual,Standard,Referral,2024-10-13,Urban,65+,
C01619,Individual,Premium,Sales Team,2022-06-04,Urban,46-55,
C01620,SME,Standard,Sales Team,2025-10-31,Suburban,,Large (51-200)
C01621,Corporate,Standard,Sales Team,2025-08-11,Urban,,Medium (11-50)
C01622,Individual,Budget,Online,2025-06-09,Urban,65+,
C01623,Individual,Standard,Online,2024-05-21,Urban,56-65,
C01624,SME,Budget,Online,2024-01-02,Suburban,,Medium (11-50)
C01625,Individual,Standard,Online,2024-01-21,Urban,65+,
C01626,SME,Budget,Referral,2022-01-21,Urban,,Small (1-10)
C01627,Individual,Premium,Walk-in,2023-12-01,Suburban,36-45,
C01628,Corporate,New,Sales Team,2024-05-23,Urban,,Medium (11-50)
C01629,Corporate,Standard,Online,2024-07-11,Other,,Small (1-10)
C01630,Individual,Standard,Online,2023-04-10,Urban,56-65,
C01631,Individual,Standard,Online,2023-10-22,Suburban,56-65,
C01632,Individual,Standard,Referral,2024-06-09,Other,26-35,
C01633,Individual,Standard,Online,2023-08-23,Urban,65+,
C01634,Individual,Budget,Online,2025-09-08,Suburban,18-25,
C01635,Corporate,New,Online,2024-09-14,Urban,,Medium (11-50)
C01636,Individual,Budget,Online,2022-01-02,Suburban,46-55,
C01637,Individual,Standard,Walk-in,2022-02-02,Other,26-35,
C01638,SME,Standard,Online,2024-08-24,Suburban,,Enterprise (200+)
C01639,Individual,Budget,Referral,2023-08-01,Other,56-65,
C01640,Individual,Budget,Referral,2025-03-21,Suburban,36-45,
C01641,Corporate,Standard,Referral,2022-08-31,Suburban,,Large (51-200)
C01642,Individual,New,Online,2022-01-20,Urban,65+,
C01643,Individual,Standard,Walk-in,2023-06-28,Suburban,56-65,
C01644,Individual,Budget,Sales Team,2024-10-27,Suburban,36-45,
C01645,Corporate,New,Walk-in,2025-09-22,Suburban,,Enterprise (200+)
C01646,Individual,Budget,Online,2025-05-22,Urban,18-25,
C01647,Individual,Standard,Referral,2023-11-09,Urban,65+,
C01648,Individual,Standard,Online,2025-02-11,Suburban,36-45,
C01649,Individual,Premium,Online,2022-04-09,Other,26-35,
C01650,Corporate,Budget,Sales Team,2024-03-12,Urban,,Large (51-200)
C01651,Individual,Standard,Online,2025-07-18,Urban,18-25,
C01652,Corporate,Budget,Online,2023-07-09,Urban,,Medium (11-50)
C01653,Individual,New,Online,2025-09-06,Urban,18-25,
C01654,Individual,Standard,Referral,2022-11-05,Other,26-35,
C01655,SME,Standard,Sales Team,2022-05-28,Urban,,Large (51-200)
C01656,Individual,Budget,Referral,2024-01-05,Urban,46-55,
C01657,Individual,Standard,Referral,2025-06-24,Urban,36-45,
C01658,SME,Standard,Referral,2023-03-12,Urban,,Medium (11-50)
C01659,Individual,Premium,Walk-in,2025-01-25,Other,46-55,
C01660,Individual,Standard,Online,2022-08-25,Urban,56-65,
C01661,Corporate,Budget,Walk-in,2024-11-09,Urban,,Small (1-10)
C01662,Individual,Standard,Online,2024-02-19,Urban,46-55,
C01663,Individual,Standard,Referral,2022-09-03,Other,18-25,
C01664,Individual,Standard,Sales Team,2024-10-02,Other,46-55,
C01665,Individual,Standard,Referral,2024-09-26,Urban,36-45,
C01666,Individual,Standard,Referral,2023-12-23,Suburban,65+,
C01667,Individual,Budget,Online,2022-11-12,Urban,46-55,
C01668,Individual,Standard,Referral,2022-07-05,Suburban,18-25,
C01669,Individual,Standard,Referral,2025-09-02,Urban,18-25,
C01670,Individual,New,Walk-in,2024-07-07,Suburban,46-55,
C01671,Individual,Standard,Online,2025-02-06,Other,46-55,
C01672,Individual,Budget,Online,2024-09-02,Urban,65+,
C01673,SME,Premium,Online,2025-03-07,Urban,,Large (51-200)
C01674,Individual,Standard,Walk-in,2022-08-16,Urban,26-35,
C01675,Individual,Premium,Referral,2023-11-27,Urban,46-55,
C01676,SME,Budget,Referral,2024-07-22,Urban,,Enterprise (200+)
C01677,Individual,Budget,Walk-in,2022-05-25,Urban,26-35,
C01678,Individual,Standard,Walk-in,2022-07-29,Other,46-55,
C01679,Corporate,Standard,Sales Team,2024-06-06,Urban,,Small (1-10)
C01680,Individual,Standard,Online,2025-05-01,Suburban,26-35,
C01681,Individual,Standard,Referral,2024-07-13,Urban,56-65,
C01682,Individual,Budget,Online,2022-02-20,Urban,65+,
C01683,Individual,Budget,Walk-in,2025-09-20,Urban,65+,
C01684,Individual,New,Referral,2022-07-15,Other,36-45,
C01685,SME,Standard,Online,2022-11-22,Urban,,Medium (11-50)
C01686,Individual,Budget,Referral,2025-09-26,Urban,56-65,
C01687,SME,Standard,Walk-in,2024-12-15,Suburban,,Medium (11-50)
C01688,Corporate,Standard,Walk-in,2025-08-04,Suburban,,Enterprise (200+)
C01689,Individual,New,Online,2025-02-03,Suburban,56-65,
C01690,SME,Premium,Sales Team,2024-07-01,Urban,,Small (1-10)
C01691,SME,Budget,Sales Team,2023-02-03,Urban,,Enterprise (200+)
C01692,Corporate,Budget,Referral,2023-04-03,Suburban,,Small (1-10)
C01693,Individual,New,Online,2025-08-19,Suburban,36-45,
C01694,Individual,Standard,Walk-in,2025-04-19,Suburban,26-35,
C01695,Individual,Standard,Referral,2023-05-19,Urban,36-45,
C01696,Individual,Budget,Online,2023-06-07,Urban,36-45,
C01697,Individual,Budget,Online,2023-02-21,Other,56-65,
C01698,Individual,Standard,Sales Team,2023-04-02,Suburban,36-45,
C01699,Individual,Budget,Online,2025-04-19,Urban,36-45,
C01700,Corporate,Standard,Walk-in,2022-01-15,Other,,Small (1-10)
C01701,Individual,Standard,Online,2023-09-03,Suburban,46-55,
C01702,Individual,New,Referral,2025-08-12,Urban,18-25,
C01703,Individual,Standard,Sales Team,2024-01-30,Urban,26-35,
C01704,Individual,Standard,Referral,2023-09-23,Suburban,36-45,
C01705,Individual,New,Referral,2023-03-14,Urban,18-25,
C01706,Individual,Budget,Online,2022-04-14,Suburban,46-55,
C01707,Individual,New,Walk-in,2022-11-11,Suburban,26-35,
C01708,Individual,Standard,Online,2022-05-07,Urban,18-25,
C01709,Individual,New,Referral,2022-06-27,Other,36-45,
C01710,Individual,Standard,Online,2022-08-17,Urban,26-35,
C01711,Individual,Standard,Online,2023-02-27,Urban,26-35,
C01712,Individual,Standard,Referral,2022-01-16,Suburban,18-25,
C01713,Individual,Budget,Online,2025-08-23,Suburban,56-65,
C01714,Individual,New,Referral,2022-06-23,Urban,26-35,
C01715,Individual,Budget,Online,2023-06-21,Suburban,65+,
C01716,SME,Budget,Walk-in,2025-05-16,Other,,Enterprise (200+)
C01717,Corporate,Standard,Walk-in,2022-05-30,Suburban,,Medium (11-50)
C01718,Corporate,Standard,Online,2023-11-09,Suburban,,Large (51-200)
C01719,Individual,Standard,Online,2025-03-28,Urban,26-35,
C01720,Individual,Premium,Online,2024-02-19,Urban,26-35,
C01721,Individual,Standard,Sales Team,2022-10-22,Suburban,26-35,
C01722,SME,New,Referral,2024-10-26,Urban,,Medium (11-50)
C01723,SME,Budget,Referral,2024-08-11,Suburban,,Large (51-200)
C01724,SME,Budget,Online,2023-05-23,Urban,,Enterprise (200+)
C01725,SME,Standard,Referral,2022-03-06,Urban,,Enterprise (200+)
C01726,Individual,Standard,Referral,2022-01-12,Urban,36-45,
C01727,SME,Premium,Referral,2025-03-01,Urban,,Large (51-200)
C01728,SME,Standard,Walk-in,2023-03-27,Urban,,Enterprise (200+)
C01729,Individual,Standard,Walk-in,2022-07-12,Suburban,56-65,
C01730,Corporate,Standard,Walk-in,2023-12-27,Suburban,,Small (1-10)
C01731,Individual,Premium,Walk-in,2025-07-13,Urban,56-65,
C01732,Corporate,Budget,Online,2022-01-12,Urban,,Small (1-10)
C01733,SME,Standard,Sales Team,2022-03-20,Suburban,,Medium (11-50)
C01734,Individual,Standard,Walk-in,2023-08-07,Urban,56-65,
C01735,Individual,Standard,Walk-in,2024-08-04,Urban,18-25,
C01736,Individual,Standard,Walk-in,2023-10-29,Urban,56-65,
C01737,SME,Standard,Online,2025-06-10,Suburban,,Medium (11-50)
C01738,SME,Standard,Online,2022-03-03,Suburban,,Small (1-10)
C01739,Individual,Standard,Online,2023-04-22,Suburban,36-45,
C01740,SME,Premium,Referral,2023-05-07,Other,,Small (1-10)
C01741,Individual,New,Online,2023-04-22,Suburban,26-35,
C01742,Individual,Premium,Referral,2023-11-14,Urban,18-25,
C01743,Individual,Standard,Referral,2025-01-11,Urban,36-45,
C01744,Individual,Standard,Sales Team,2023-03-22,Urban,65+,
C01745,Individual,Standard,Walk-in,2024-11-08,Urban,18-25,
C01746,Individual,Standard,Online,2022-07-25,Suburban,18-25,
C01747,Individual,New,Online,2024-02-25,Urban,36-45,
C01748,Individual,Standard,Online,2023-06-10,Urban,46-55,
C01749,SME,Budget,Sales Team,2024-01-25,Urban,,Small (1-10)
C01750,Individual,Standard,Walk-in,2022-05-31,Suburban,56-65,
C01751,SME,Premium,Walk-in,2025-08-27,Suburban,,Enterprise (200+)
C01752,Individual,Standard,Online,2025-06-22,Other,36-45,
C01753,Individual,Standard,Online,2025-03-02,Urban,65+,
C01754,Individual,Standard,Walk-in,2025-06-03,Urban,18-25,
C01755,Individual,New,Sales Team,2022-07-25,Other,36-45,
C01756,Individual,Budget,Online,2023-12-07,Suburban,65+,
C01757,Individual,New,Online,2023-03-22,Suburban,56-65,
C01758,Individual,Standard,Online,2025-05-27,Urban,65+,
C01759,Individual,Budget,Online,2022-09-23,Urban,26-35,
C01760,Individual,Standard,Sales Team,2022-11-04,Suburban,56-65,
C01761,Individual,Budget,Walk-in,2024-08-19,Suburban,36-45,
C01762,SME,New,Online,2022-05-05,Suburban,,Large (51-200)
C01763,Individual,Budget,Online,2024-10-22,Urban,36-45,
C01764,Corporate,New,Online,2023-01-11,Urban,,Large (51-200)
C01765,SME,Budget,Referral,2024-07-14,Urban,,Large (51-200)
C01766,Corporate,Premium,Online,2025-05-07,Suburban,,Medium (11-50)
C01767,SME,Budget,Walk-in,2024-05-03,Urban,,Enterprise (200+)
C01768,Individual,Standard,Walk-in,2022-10-25,Urban,26-35,
C01769,Individual,New,Referral,2022-03-10,Urban,36-45,
C01770,Individual,Budget,Walk-in,2022-03-04,Other,56-65,
C01771,SME,Premium,Walk-in,2022-05-05,Urban,,Large (51-200)
C01772,Individual,Premium,Online,2024-03-22,Urban,65+,
C01773,Individual,Premium,Walk-in,2023-05-03,Suburban,36-45,
C01774,Corporate,Standard,Walk-in,2022-12-07,Suburban,,Large (51-200)
C01775,Individual,Premium,Walk-in,2022-11-04,Suburban,18-25,
C01776,Individual,Budget,Referral,2025-08-21,Suburban,56-65,
C01777,SME,Standard,Referral,2022-06-16,Urban,,Large (51-200)
C01778,Individual,Budget,Online,2023-03-03,Other,26-35,
C01779,Individual,Standard,Referral,2023-10-23,Other,56-65,
C01780,SME,Standard,Online,2022-01-01,Urban,,Medium (11-50)
C01781,Individual,Premium,Walk-in,2025-07-13,Suburban,36-45,
C01782,Individual,New,Referral,2022-05-19,Urban,36-45,
C01783,Individual,Standard,Online,2024-08-13,Urban,65+,
C01784,Individual,Premium,Sales Team,2024-05-30,Urban,18-25,
C01785,Individual,Standard,Online,2025-02-06,Urban,56-65,
C01786,Corporate,Budget,Online,2024-06-30,Other,,Enterprise (200+)
C01787,SME,Premium,Online,2024-12-13,Urban,,Small (1-10)
C01788,Individual,Budget,Referral,2023-08-13,Suburban,46-55,
C01789,Individual,Budget,Referral,2023-11-16,Urban,46-55,
C01790,Individual,Budget,Walk-in,2024-09-09,Urban,18-25,
C01791,SME,Standard,Online,2024-03-06,Urban,,Small (1-10)
C01792,Individual,Premium,Online,2023-12-18,Urban,36-45,
C01793,Individual,Standard,Referral,2022-10-15,Suburban,65+,
C01794,Individual,Standard,Walk-in,2022-12-28,Other,18-25,
C01795,Corporate,Budget,Referral,2023-05-17,Urban,,Enterprise (200+)
C01796,Individual,Standard,Walk-in,2022-01-13,Other,36-45,
C01797,SME,Standard,Online,2023-08-08,Suburban,,Enterprise (200+)
C01798,Individual,Premium,Online,2022-01-04,Suburban,18-25,
C01799,Corporate,Standard,Online,2024-03-02,Urban,,Small (1-10)
C01800,Individual,Standard,Referral,2024-09-12,Urban,26-35,
C01801,Individual,Budget,Online,2024-02-27,Suburban,18-25,
C01802,Corporate,Premium,Walk-in,2024-08-28,Suburban,,Large (51-200)
C01803,Corporate,New,Referral,2022-01-01,Urban,,Medium (11-50)
C01804,Individual,Budget,Online,2022-03-25,Suburban,18-25,
C01805,Individual,Standard,Online,2024-09-04,Urban,36-45,
C01806,Individual,Premium,Online,2025-01-29,Suburban,26-35,
C01807,Individual,Standard,Online,2024-10-01,Urban,46-55,
C01808,Individual,Standard,Referral,2024-07-17,Other,56-65,
C01809,SME,Standard,Online,2024-09-17,Urban,,Large (51-200)
C01810,Individual,New,Referral,2024-11-01,Urban,36-45,
C01811,SME,Budget,Online,2024-10-11,Suburban,,Enterprise (200+)
C01812,Individual,Standard,Online,2024-10-30,Urban,46-55,
C01813,Individual,Standard,Online,2022-04-14,Other,36-45,
C01814,Individual,Standard,Online,2022-03-30,Suburban,18-25,
C01815,Individual,New,Sales Team,2023-05-21,Urban,36-45,
C01816,Individual,Premium,Online,2024-01-09,Urban,65+,
C01817,Individual,Budget,Walk-in,2024-12-03,Other,36-45,
C01818,Corporate,Budget,Online,2023-04-14,Suburban,,Large (51-200)
C01819,SME,Premium,Online,2023-01-21,Suburban,,Enterprise (200+)
C01820,SME,Standard,Referral,2024-12-30,Urban,,Large (51-200)
C01821,Individual,Standard,Online,2022-12-16,Other,46-55,
C01822,Individual,New,Walk-in,2025-02-23,Urban,18-25,
C01823,Individual,Standard,Walk-in,2022-09-05,Suburban,46-55,
C01824,Individual,Budget,Online,2023-05-19,Urban,56-65,
C01825,Individual,Budget,Walk-in,2023-07-16,Urban,65+,
C01826,Individual,Budget,Referral,2023-02-24,Other,36-45,
C01827,Individual,Standard,Referral,2022-01-05,Other,26-35,
C01828,Individual,Standard,Walk-in,2022-11-26,Urban,56-65,
C01829,Individual,Budget,Referral,2023-04-18,Other,26-35,
C01830,Individual,Standard,Referral,2023-03-16,Urban,46-55,
C01831,Individual,New,Sales Team,2025-01-04,Urban,65+,
C01832,Individual,Premium,Sales Team,2022-03-08,Urban,65+,
C01833,Individual,Standard,Walk-in,2023-06-29,Urban,56-65,
C01834,Individual,Budget,Online,2022-02-22,Urban,46-55,
C01835,Individual,Standard,Walk-in,2025-07-26,Urban,18-25,
C01836,SME,Premium,Online,2025-01-11,Urban,,Small (1-10)
C01837,Individual,Standard,Online,2025-10-07,Suburban,56-65,
C01838,Individual,Standard,Online,2025-06-28,Suburban,65+,
C01839,Corporate,Budget,Sales Team,2023-03-19,Suburban,,Medium (11-50)
C01840,Individual,Premium,Sales Team,2024-08-26,Urban,26-35,
C01841,Corporate,Premium,Walk-in,2023-03-06,Suburban,,Small (1-10)
C01842,SME,Standard,Referral,2025-05-28,Urban,,Small (1-10)
C01843,Individual,New,Online,2023-07-30,Suburban,36-45,
C01844,Individual,Standard,Online,2023-06-11,Suburban,56-65,
C01845,Individual,New,Sales Team,2025-07-03,Urban,46-55,
C01846,Corporate,New,Referral,2025-03-17,Urban,,Small (1-10)
C01847,Individual,Standard,Referral,2025-09-14,Suburban,18-25,
C01848,Individual,Budget,Walk-in,2022-04-04,Other,18-25,
C01849,Individual,Budget,Online,2022-12-07,Suburban,65+,
C01850,Individual,Standard,Walk-in,2023-02-26,Other,56-65,
C01851,SME,Standard,Referral,2023-08-18,Other,,Small (1-10)
C01852,Individual,Budget,Walk-in,2023-10-25,Urban,26-35,
C01853,SME,Budget,Referral,2023-02-13,Suburban,,Large (51-200)
C01854,SME,Budget,Referral,2025-01-11,Urban,,Large (51-200)
C01855,Individual,New,Online,2022-11-09,Urban,56-65,
C01856,Individual,Standard,Online,2024-09-02,Urban,26-35,
C01857,SME,Budget,Online,2025-04-07,Other,,Enterprise (200+)
C01858,SME,New,Referral,2024-04-25,Suburban,,Medium (11-50)
C01859,SME,Standard,Referral,2023-05-11,Urban,,Medium (11-50)
C01860,Individual,Premium,Walk-in,2022-09-21,Urban,26-35,
C01861,Individual,Standard,Online,2022-07-08,Urban,18-25,
C01862,Individual,New,Walk-in,2024-11-07,Suburban,18-25,
C01863,SME,Standard,Walk-in,2023-10-19,Other,,Medium (11-50)
C01864,Individual,Budget,Referral,2022-03-06,Urban,56-65,
C01865,Individual,Premium,Walk-in,2025-10-09,Urban,46-55,
C01866,Individual,Standard,Online,2024-07-28,Suburban,26-35,
C01867,Individual,Budget,Online,2025-03-27,Urban,56-65,
C01868,SME,Premium,Referral,2023-09-06,Urban,,Large (51-200)
C01869,Individual,New,Walk-in,2025-08-30,Urban,46-55,
C01870,Individual,Standard,Online,2022-10-07,Urban,26-35,
C01871,SME,New,Online,2022-09-17,Urban,,Medium (11-50)
C01872,SME,Standard,Sales Team,2025-05-31,Other,,Small (1-10)
C01873,Individual,New,Online,2025-06-02,Urban,26-35,
C01874,Individual,Budget,Sales Team,2023-11-30,Urban,46-55,
C01875,Corporate,Premium,Walk-in,2022-06-26,Suburban,,Small (1-10)
C01876,SME,Premium,Sales Team,2023-03-04,Other,,Small (1-10)
C01877,Individual,Premium,Sales Team,2024-11-21,Urban,46-55,
C01878,Individual,Standard,Sales Team,2025-03-30,Urban,65+,
C01879,Individual,Budget,Referral,2023-05-02,Suburban,56-65,
C01880,Individual,Standard,Walk-in,2022-03-27,Urban,36-45,
C01881,SME,Standard,Walk-in,2024-07-21,Suburban,,Medium (11-50)
C01882,Individual,Standard,Walk-in,2024-11-01,Urban,65+,
C01883,Individual,Standard,Online,2023-08-17,Urban,26-35,
C01884,SME,Budget,Sales Team,2024-03-27,Urban,,Enterprise (200+)
C01885,Corporate,Standard,Online,2025-10-14,Suburban,,Enterprise (200+)
C01886,SME,Budget,Online,2022-12-09,Urban,,Small (1-10)
C01887,Individual,New,Online,2024-03-13,Urban,36-45,
C01888,Individual,Standard,Referral,2024-05-05,Urban,65+,
C01889,Individual,Premium,Walk-in,2024-02-08,Suburban,36-45,
C01890,Individual,Premium,Referral,2025-05-01,Urban,36-45,
C01891,Individual,Standard,Walk-in,2024-04-27,Suburban,18-25,
C01892,Individual,Standard,Walk-in,2023-12-13,Suburban,36-45,
C01893,Individual,New,Online,2022-06-22,Urban,26-35,
C01894,SME,Budget,Walk-in,2024-09-11,Other,,Small (1-10)
C01895,Corporate,Standard,Referral,2022-07-04,Suburban,,Small (1-10)
C01896,Individual,Budget,Walk-in,2022-02-07,Urban,36-45,
C01897,Individual,Standard,Sales Team,2023-11-15,Urban,46-55,
C01898,Individual,Budget,Referral,2024-03-12,Urban,46-55,
C01899,Individual,Premium,Walk-in,2025-10-30,Urban,26-35,
C01900,Individual,Budget,Online,2024-09-24,Urban,18-25,
C01901,Individual,New,Online,2025-04-03,Other,36-45,
C01902,SME,Budget,Walk-in,2023-04-30,Suburban,,Small (1-10)
C01903,Individual,New,Online,2023-12-14,Urban,36-45,
C01904,Corporate,Standard,Walk-in,2025-09-25,Urban,,Small (1-10)
C01905,Individual,Budget,Online,2023-08-08,Urban,65+,
C01906,Individual,Standard,Online,2025-02-04,Urban,56-65,
C01907,Individual,Budget,Sales Team,2024-01-07,Urban,65+,
C01908,Individual,Premium,Referral,2022-11-10,Other,56-65,
C01909,Individual,Standard,Online,2024-03-23,Suburban,36-45,
C01910,Corporate,Standard,Referral,2022-11-02,Urban,,Large (51-200)
C01911,Individual,Premium,Walk-in,2022-01-05,Suburban,56-65,
C01912,Individual,Budget,Online,2022-11-27,Suburban,36-45,
C01913,Individual,Budget,Online,2022-09-28,Suburban,36-45,
C01914,Individual,New,Online,2023-06-04,Urban,26-35,
C01915,Individual,Premium,Online,2025-05-29,Urban,56-65,
C01916,Individual,New,Sales Team,2023-06-27,Suburban,18-25,
C01917,SME,Premium,Online,2025-03-29,Urban,,Large (51-200)
C01918,Individual,Standard,Online,2024-02-17,Suburban,46-55,
C01919,Individual,Budget,Walk-in,2022-01-11,Urban,36-45,
C01920,Individual,Premium,Online,2022-09-22,Suburban,46-55,
C01921,SME,Premium,Online,2025-07-27,Suburban,,Large (51-200)
C01922,Individual,Premium,Online,2024-04-25,Urban,56-65,
C01923,Individual,Standard,Referral,2025-07-25,Urban,18-25,
C01924,Individual,Budget,Walk-in,2023-03-11,Suburban,26-35,
C01925,Individual,Premium,Sales Team,2024-09-30,Urban,36-45,
C01926,Individual,Premium,Sales Team,2024-12-16,Suburban,36-45,
C01927,SME,Standard,Sales Team,2025-09-27,Suburban,,Enterprise (200+)
C01928,Individual,Standard,Online,2022-01-26,Urban,65+,
C01929,SME,Budget,Online,2025-08-26,Suburban,,Small (1-10)
C01930,Individual,New,Walk-in,2023-07-03,Urban,65+,
C01931,SME,Budget,Sales Team,2025-03-19,Suburban,,Medium (11-50)
C01932,SME,New,Walk-in,2024-02-02,Urban,,Small (1-10)
C01933,Individual,Standard,Online,2024-03-01,Urban,46-55,
C01934,Individual,Budget,Walk-in,2023-05-19,Urban,26-35,
C01935,Individual,Standard,Walk-in,2025-03-05,Other,36-45,
C01936,SME,Premium,Sales Team,2023-01-05,Suburban,,Medium (11-50)
C01937,Individual,Budget,Walk-in,2023-11-21,Suburban,26-35,
C01938,Individual,Premium,Online,2024-02-24,Urban,65+,
C01939,Individual,New,Online,2024-11-05,Urban,26-35,
C01940,SME,Budget,Online,2023-10-23,Suburban,,Large (51-200)
C01941,Individual,New,Online,2024-08-10,Suburban,56-65,
C01942,Individual,Standard,Sales Team,2023-11-11,Urban,26-35,
C01943,Corporate,Standard,Online,2024-07-12,Suburban,,Small (1-10)
C01944,Individual,Budget,Online,2024-08-01,Urban,65+,
C01945,SME,Standard,Online,2024-09-20,Urban,,Medium (11-50)
C01946,Individual,Standard,Walk-in,2025-02-26,Other,46-55,
C01947,Individual,Budget,Online,2024-01-28,Urban,65+,
C01948,SME,New,Referral,2022-09-28,Urban,,Enterprise (200+)
C01949,Individual,Budget,Sales Team,2024-08-09,Suburban,46-55,
C01950,Individual,Premium,Online,2022-04-18,Other,56-65,
C01951,Individual,Standard,Online,2022-11-03,Urban,65+,
C01952,Individual,Standard,Online,2025-01-14,Suburban,36-45,
C01953,Individual,Premium,Online,2023-09-02,Urban,18-25,
C01954,Individual,Standard,Walk-in,2023-11-29,Urban,18-25,
C01955,Individual,Standard,Sales Team,2025-10-14,Urban,46-55,
C01956,Individual,Premium,Referral,2022-11-26,Urban,56-65,
C01957,Individual,Standard,Sales Team,2022-01-28,Urban,46-55,
C01958,Individual,Standard,Walk-in,2022-06-05,Urban,18-25,
C01959,Individual,Standard,Online,2022-12-09,Suburban,26-35,
C01960,Individual,Standard,Online,2024-10-13,Suburban,65+,
C01961,SME,Budget,Online,2024-12-22,Suburban,,Large (51-200)
C01962,Individual,Standard,Sales Team,2024-03-02,Suburban,36-45,
C01963,Individual,New,Online,2022-12-24,Urban,65+,
C01964,Individual,Premium,Online,2024-01-01,Urban,46-55,
C01965,SME,Standard,Walk-in,2022-01-21,Urban,,Medium (11-50)
C01966,Individual,Standard,Sales Team,2024-08-12,Suburban,36-45,
C01967,Individual,Standard,Walk-in,2024-05-10,Urban,56-65,
C01968,Individual,Standard,Walk-in,2022-01-31,Urban,65+,
C01969,Individual,Budget,Referral,2025-02-17,Urban,36-45,
C01970,SME,New,Sales Team,2024-12-04,Urban,,Small (1-10)
C01971,Corporate,Standard,Online,2023-03-08,Other,,Small (1-10)
C01972,Individual,Standard,Referral,2024-06-08,Suburban,65+,
C01973,SME,Budget,Sales Team,2024-04-22,Urban,,Large (51-200)
C01974,Individual,Standard,Online,2022-07-20,Suburban,65+,
C01975,Individual,Standard,Referral,2022-09-28,Suburban,46-55,
C01976,SME,Budget,Walk-in,2024-08-14,Urban,,Enterprise (200+)
C01977,Individual,Standard,Online,2025-07-30,Urban,46-55,
C01978,Individual,Budget,Referral,2024-03-17,Suburban,36-45,
C01979,Individual,Standard,Walk-in,2024-03-05,Urban,56-65,
C01980,Corporate,Standard,Walk-in,2024-06-24,Urban,,Large (51-200)
C01981,Individual,Standard,Walk-in,2023-09-09,Urban,26-35,
C01982,Individual,Budget,Referral,2022-03-17,Suburban,36-45,
C01983,Individual,Standard,Online,2023-07-10,Other,46-55,
C01984,Individual,Budget,Walk-in,2025-06-14,Suburban,56-65,
C01985,Individual,Budget,Referral,2025-01-31,Urban,46-55,
C01986,SME,Budget,Online,2025-07-22,Urban,,Enterprise (200+)
C01987,SME,Premium,Referral,2022-08-02,Suburban,,Large (51-200)
C01988,SME,Standard,Online,2023-12-10,Suburban,,Enterprise (200+)
C01989,SME,Standard,Referral,2024-03-29,Other,,Small (1-10)
C01990,Individual,Standard,Walk-in,2022-10-21,Suburban,18-25,
C01991,Individual,New,Sales Team,2022-10-09,Urban,18-25,
C01992,Individual,Standard,Online,2024-12-30,Suburban,36-45,
C01993,Individual,New,Walk-in,2024-07-29,Suburban,65+,
C01994,Corporate,Standard,Online,2024-06-25,Suburban,,Medium (11-50)
C01995,Individual,Standard,Referral,2023-01-09,Suburban,56-65,
C01996,Corporate,Premium,Walk-in,2023-12-11,Urban,,Enterprise (200+)
C01997,Individual,Budget,Online,2022-02-02,Suburban,18-25,
C01998,Individual,Standard,Sales Team,2022-07-01,Urban,56-65,
C01999,Individual,Standard,Online,2023-12-27,Urban,26-35,
C02000,Individual,Budget,Referral,2023-03-10,Suburban,46-55,
